:020000040800F2
:1000000000060020E1020008E3020008E302000805
:10001000E3020008E3020008E3020008E30200082C
:10002000E3020008E3020008E30200086177000829
:10003000E3020008E3020008E3020008E30200080C
:10004000E3020008E3020008E3020008E3020008FC
:10005000E3020008E30200084986000875860008EC
:10006000A1860008CD860008F986000861460008D0
:1000700089460008B5460008E14600080D4700081B
:100080003547000861470008E3020008E302000862
:10009000E3020008E3020008E302000825870008E5
:1000A000E3020008E3020008E3020008E30200089C
:1000B000E3020008E3020008E3020008E30200088C
:1000C000E3020008E3020008E3020008E30200087C
:1000D000E3020008E30200081188000825880008F0
:1000E00089870008E3020008E3020008E302000831
:1000F000E3020008E3020008E30200088D4700085D
:10010000E3020008FD8700084D880008E3020008AC
:10011000E3020008E3020008E3020008E30200082B
:10012000B9470008E14700080D48000839480008B1
:1001300065480008E3020008E3020008E302000843
:10014000E3020008E3020008E3020008E3020008FB
:100150008D480008B9480008E5480008E302000897
:10016000E3020008E3020008E3020008E3020008DB
:10017000E302000839830008E3020008E3020008F4
:10018000E3020008E302000839880008E3020008DF
:10019000E3020008E3020008E3020008E3020008AB
:1001A000E3020008E3020008E3020008E30200089B
:1001B000E3020008E3020008E3020008E30200088B
:1001C000E3020008E3020008E3020008E30200087B
:1001D000E302000825830008E3020008E3020008A8
:1001E000E3020008E3020008E3020008E30200085B
:1001F000E3020008E3020008E3020008E30200084B
:10020000E3020008E3020008E3020008E30200083A
:10021000E3020008E3020008E3020008E30200082A
:10022000E3020008E3020008E3020008E30200081A
:10023000E3020008E3020008E3020008E30200080A
:10024000E3020008E3020008E3020008E3020008FA
:10025000E3020008E3020008E3020008E3020008EA
:10026000E3020008E3020008E3020008E3020008DA
:10027000E3020008E3020008E3020008E3020008CA
:10028000E3020008E3020008E3020008E3020008BA
:10029000E3020008E3020008E3020008E3020008AA
:1002A000E3020008E3020008E3020008E30200089A
:1002B000E3020008E3020008E3020008E30200088A
:1002C000E3020008E3020008E3020008E30200087A
:1002D000E3020008E3020008E3020008E30200086A
:1002E00002E000F000F8FEE772B6374880F30888B5
:1002F000364880F3098836483649086040F20000E5
:10030000CCF200004EF63471CEF200010860BFF36B
:100310004F8FBFF36F8F40F20000C0F2F0004EF637
:100320008851CEF200010860BFF34F8FBFF36F8F8B
:100330004FF00000E1EE100A4EF63C71CEF20001E3
:100340000860062080F31488BFF36F8F07F06AFA05
:1003500006F0B0FB4FF055301F491B4A91423CBF9D
:1003600041F8040BFAE71D49184A91423CBF41F895
:10037000040BFAE71A491B4A1B4B9A423EBF51F83D
:10038000040B42F8040BF8E700201849184A914280
:100390003CBF41F8040BFAE707F082FA06F010FCC4
:1003A000144C154DAC4203DA54F8041B8847F9E7A6
:1003B00000F0C4F9114C124DAC4203DA54F8041B9E
:1003C0008847F9E707F06ABA0006002000220020FB
:1003D0000000000808ED00E00000002000060020FA
:1003E000E89C0008002200207422002078220020CF
:1003F00034670020E0020008E0020008E002000884
:10040000E00200082DE9F04F2DED108AC1F80CD064
:10041000D0F80CD0BDEC108ABDE8F08F002383F338
:1004200011882846A047002006F026F9FEE706F0CE
:100430007FF800DFFEE7000053B94AB9002908BF82
:1004400000281CBF4FF0FF314FF0FF3000F074B9AF
:10045000ADF1080C6DE904CE00F006F8DDF804E01B
:10046000DDE9022304B070472DE9F047089D0446FA
:100470008E46002B4DD18A42944669D9B2FA82F257
:1004800052B101FA02F3C2F1200120FA01F10CFA93
:1004900002FC41EA030E94404FEA1C48210CBEFBCB
:1004A000F8F61FFA8CF708FB16E341EA034306FB54
:1004B00007F199420AD91CEB030306F1FF3080F0E3
:1004C0001F81994240F21C81023E63445B1AA4B230
:1004D000B3FBF8F008FB103344EA034400FB07F7D2
:1004E000A7420AD91CEB040400F1FF3380F00A8113
:1004F000A74240F207816444023840EA0640E41B08
:1005000000261DB1D4400023C5E900433146BDE8B3
:10051000F0878B4209D9002D00F0EF800026C5E955
:10052000000130463146BDE8F087B3FA83F6002E6D
:100530004AD18B4202D3824200F2F980841A61EBE5
:10054000030301209E46002DE0D0C5E9004EDDE703
:1005500002B9FFDEB2FA82F2002A40F09280A1EBEB
:100560000C014FEA1C471FFA8CFE0126200CB1FB40
:10057000F7F307FB131140EA01410EFB03F0884239
:1005800008D91CEB010103F1FF3802D2884200F2C6
:10059000CB804346091AA4B2B1FBF7F007FB101158
:1005A00044EA01440EFB00FEA64508D91CEB0404F6
:1005B00000F1FF3102D2A64500F2BB800846A4EB51
:1005C0000E0440EA03409CE7C6F12007B34022FA3C
:1005D00007FC4CEA030C20FA07F401FA06F31C436B
:1005E000F9404FEA1C4900FA06F3B1FBF9F8200C78
:1005F0001FFA8CFE09FB181140EA014108FB0EF0BE
:10060000884202FA06F20BD91CEB010108F1FF3A0D
:1006100080F08880884240F28580A8F10208614419
:10062000091AA4B2B1FBF9F009FB101144EA014127
:1006300000FB0EFE8E4508D91CEB010100F1FF34D2
:100640006CD28E456AD90238614440EA0840A0FB6A
:100650000294A1EB0E01A142C846A64656D353D040
:100660005DB1B3EB080261EB0E0101FA07F722FA64
:1006700006F3F1401F43C5E9007100263146BDE88D
:10068000F087C2F12003D8400CFA02FC21FA03F3F0
:10069000914001434FEA1C471FFA8CFEB3FBF7F071
:1006A00007FB10360B0C43EA064300FB0EF69E4296
:1006B00004FA02F408D91CEB030300F1FF382FD22F
:1006C0009E422DD9023863449B1B89B2B3FBF7F6D7
:1006D00007FB163341EA034106FB0EF38B4208D9B0
:1006E0001CEB010106F1FF3816D28B4214D9023EF1
:1006F0006144C91A46EA004638E72E46284605E70F
:100700000646E3E61846F8E64B45A9D2B9EB0208DF
:1007100064EB0C0E0138A3E74646EAE7204694E76F
:100720004046D1E7D0467BE7023B614432E73046A2
:1007300009E76444023842E7704700BF38B501F06A
:10074000F3F901F0A3FB06F0D1FE054606F0FEFF2B
:100750000446D0B90F4B9D4219D001339D4241F25E
:10076000883504BF01240025002006F0C9FE0CB125
:1007700000F078F801F02AFB00F01AFD08B100F053
:1007800071F8284600F010F9F9E70025ECE7054676
:10079000EAE700BF010007B008B501F091F9A0F148
:1007A00020035842584108BD07B541F21203022107
:1007B00001A8ADF8043001F0A1F903B05DF804FB25
:1007C00038B5302383F31188174803680BB106F05E
:1007D00037F80023154A4FF47A71134806F026F8CB
:1007E000002383F31188124C236813B12368013B63
:1007F0002360636813B16368013B63600D4D2B7820
:1008000033B963687BB9022001F04AFA322363608E
:100810002B78032B07D163682BB9022001F040FA33
:100820004FF47A73636038BD78220020C107000856
:100830009823002090220020084B187003280CD821
:10084000DFE800F008050208022001F01FBA0220CC
:1008500001F012BA024B00225A6070479022002029
:1008600098230020F8B5494B494A1C4619680131C4
:1008700000F08A8004339342F8D16268454B9A4273
:1008800040F28280444B9B6803F1006303F5003320
:100890009A4279D2002001F061F90220FFF7CCFFE3
:1008A0003E4B00219A6C99641A6F19671A6FDA6CC3
:1008B000D9645A6F59675A6F1A6D19659A6F99679B
:1008C0009B6F374BD3F8802042F00062C3F8802042
:1008D000D3F8802022F00062C3F88020D3F8802073
:1008E000D3F8802042F00072C3F88020D3F8802033
:1008F00022F00072C3F88020D3F8803072B64FF037
:10090000E023C3F8084DD4E90004BFF34F8FBFF3D1
:100910006F8F244AC2F88410BFF34F8F536923F4BA
:1009200080335361BFF34F8FD2F8803043F6E076C7
:10093000C3F3C905C3F34E335B0103EA060C294632
:100940004CEA81770139C2F87472F9D2203B13F175
:10095000200FF2D1BFF34F8FBFF36F8FBFF34F8FD5
:10096000BFF36F8F536923F4003353610023C2F840
:100970005032BFF34F8FBFF36F8F302383F3118853
:10098000854680F308882047F8BD00BF00000208B4
:1009900020000208FFFF0108002200200045025845
:1009A0000044025800ED00E02DE9F04F93B0B44B45
:1009B0002022FF2100900AA89D6801F0B1F9B14AF8
:1009C0001378A3B90121B04811700360302383F379
:1009D000118803680BB105F033FF0023AB4A4FF4D5
:1009E0007A71A94805F022FF002383F31188009B48
:1009F00013B1A74B009A1A60A64A1378032B03D0B1
:100A000000231370A24A53604FF0000A009CD346A3
:100A10005646D146012001F039F924B19C4B1B68A0
:100A2000002B00F02682002001F04AF80390039B7F
:100A3000002BF2DB012001F01FF9039B213B1F2B50
:100A4000E8D801A252F823F0C90A0008F10A000808
:100A5000850B0008150A0008150A0008150A000889
:100A6000170C0008E70D0008010D0008630D0008D1
:100A70008B0D0008B10D0008150A0008C30D000811
:100A8000150A0008350E0008690B0008150A000851
:100A9000790E0008D50A0008690B0008150A00083D
:100AA000630D0008150A0008150A0008150A000859
:100AB000150A0008150A0008150A0008150A00089A
:100AC000150A0008850B00080220FFF765FE0028C4
:100AD00040F0F981009B022105A8BAF1000F08BF80
:100AE0001C4641F21233ADF8143001F007F891E7DB
:100AF0004FF47A7000F0E4FF071EEBDB0220FFF7F3
:100B00004BFE0028E6D0013F052F00F2DE81DFE832
:100B100007F0030A0D1013360523042105A80593D9
:100B200000F0ECFF17E004215548F9E704215A488A
:100B3000F6E704215948F3E74FF01C08404608F156
:100B4000040801F00DF80421059005A800F0D6FF77
:100B5000B8F12C0FF2D101204FF0000900FA07F78D
:100B600047EA0B0B5FFA8BFB01F026F926B10BF07D
:100B70000B030B2B08BF0024FFF716FE4AE70421E6
:100B80004748CDE7002EA5D00BF00B030B2BA1D1CE
:100B90000220FFF701FE074600289BD00120002617
:100BA00000F0DCFF0220FFF747FE1FFA86F8404600
:100BB00000F0E4FF0446B0B1039940460136A1F1CC
:100BC00040025142514100F0E9FF0028EDD1BA4600
:100BD000044641F21213022105A83E46ADF8143036
:100BE00000F08CFF16E725460120FFF725FE244B79
:100BF0009B68AB4207D9284600F0B2FF013040F0B5
:100C000067810435F3E70025224BBA463E461D7046
:100C10001F4B5D60A8E7002E3FF45CAF0BF00B03A9
:100C20000B2B7FF457AF0220FFF706FE322000F0B7
:100C300047FFB0F10008FFF64DAF18F003077FF44F
:100C400049AF0F4A08EB0503926893423FF642AF63
:100C5000B8F5807F3FF73EAF124BB845019323DDD7
:100C60004FF47A7000F02CFF0390039A002AFFF6ED
:100C700031AF039A0137019B03F8012BEDE700BF69
:100C8000002200209423002078220020C1070008C1
:100C90009823002090220020042200200822002017
:100CA0000C22002094220020C820FFF775FD074683
:100CB00000283FF40FAF1F2D11D8C5F120020AAB59
:100CC00025F0030084494245184428BF424601925A
:100CD00001F000F8019AFF217F4801F021F84FEA66
:100CE000A803C8F387027C492846019301F020F845
:100CF000064600283FF46DAF019B05EB830533E703
:100D00000220FFF749FD00283FF4E4AE00F064FF45
:100D100000283FF4DFAE0027B846704B9B68BB420B
:100D200018D91F2F11D80A9B01330ED027F00303C7
:100D300012AA134453F8203C05934046042205A907
:100D4000043701F03BF98046E7E7384600F008FF3A
:100D50000590F2E7CDF81480042105A800F0CEFE3E
:100D600002E70023642104A8049300F0BDFE0028DC
:100D70007FF4B0AE0220FFF70FFD00283FF4AAAECB
:100D8000049800F01FFF0590E6E70023642104A803
:100D9000049300F0A9FE00287FF49CAE0220FFF728
:100DA000FBFC00283FF496AE049800F00DFFEAE744
:100DB0000220FFF7F1FC00283FF48CAE00F01CFF8E
:100DC000E1E70220FFF7E8FC00283FF483AE05A925
:100DD000142000F017FF07460421049004A800F037
:100DE0008DFE3946B9E7322000F06AFE071EFFF695
:100DF00071AEBB077FF46EAE384A07EB0903926809
:100E000093423FF667AE0220FFF7C6FC00283FF48E
:100E100061AE27F003074F44B9453FF4A5AE4846FD
:100E200009F1040900F09CFE0421059005A800F0DA
:100E300065FEF1E74FF47A70FFF7AEFC00283FF44F
:100E400049AE00F0C9FE002844D00A9B01330BD004
:100E500008220AA9002000F06BFF00283AD02022C7
:100E6000FF210AA800F05CFFFFF79EFC1C4805F07C
:100E700009FC13B0BDE8F08F002E3FF42BAE0BF051
:100E80000B030B2B7FF426AE0023642105A80593EA
:100E900000F02AFE074600287FF41CAE0220FFF770
:100EA0007BFC804600283FF415AEFFF77DFC41F245
:100EB000883005F0E7FB059800F0C6FF46463C4643
:100EC00000F07AFFA6E506464EE64FF0000901E67F
:100ED000BA467EE637467CE69422002000220020B7
:100EE000A0860100704700007047000070470000B6
:100EF0002DE9F04100F58037044616463B7C5BB98E
:100F0000C0681030204400F0E5FEE5683544B5F5D2
:100F1000004FE56002D816B1BDE8F081DEB905F0FA
:100F20007F0605F110000021C6F180062044F6B2CC
:100F300032462E4400F0F4FEA06804F11008324658
:100F400000F10060414600F5003006F06FF830B95E
:100F500001233B74E0E74FF400463546ECE7A26816
:100F600005F11001404632442144A260E268521B60
:100F7000E26000F0AFFE0220BDE8F04100F090BE5C
:100F8000183000F0E9BC000010B5044601F032F85A
:100F9000204610BD10B5044601F02CF8204610BDC7
:100FA000C0B2A0F14103052B02D83738C0B2704758
:100FB000A0F16103052B94BF57383038F6E70000E5
:100FC00070B504461546084603220C4900F08CFE15
:100FD000014688B908346E1C15F91100FFF7E0FFCF
:100FE000024616F911000131FFF7DAFF102940EA35
:100FF000021004F8010BEFD170BD00BF94920008FD
:101000002DE9F04FADF53F7D0746416801222AA842
:1010100002F0D2FE002840F08780064682468146D4
:101020001125DFF80C81DFF80CB101AB4FF48052D1
:1010300041462AA803F020F8002875D1019AB2F59C
:10104000805F71D8002A65D00446019A9442ECD2A0
:10105000282D0FD008DC132D2DD01E2D39D0112DA9
:1010600013D00134A4B2F0E7322D2DD0372D2FD07C
:101070002D2DF6D13B68121B08EB040138461B6985
:101080002D259847BDF80440EBE7121B022A09D929
:10109000594608EB040000F027FE18B90234282551
:1010A000A4B2DEE718F804303A2B3DD00A2B1CBF5F
:1010B000A1461325D5E718F804300A2B34D03A2B73
:1010C00004BFA2463225CCE718F80430202BC8D044
:1010D000264618F804300A2B1AD1AAEB090208EBAD
:1010E000090102A811254F2A28BF4F2208F0BEF897
:1010F000A21B08EB060116A84F2A28BF4F2208F0B2
:10110000B5F83B6816AA02A9DB6838469847A8E7F5
:101110001E25A6E73B68384604491B69984701200D
:101120000DF53F7DBDE8F08F0020F9E796930008AC
:10113000A02300209892000800F1180110B5044681
:1011400086B00846019100F0F1FB2046FFF758FFFA
:1011500060B1019902A800F049FC102204F10801D5
:1011600002A808F043F8B0FA80F0400906B010BDBC
:1011700070B504460025EEB2304600F0FFFC58B1D1
:1011800000213046013500F009FD08B9002070BD8E
:10119000022000F085FDEEE72046FFF731FF002832
:1011A000F4D004F58034207C80F00100EFE70000EB
:1011B000F0B5C9B006F0B2F900F038FF18B9002553
:1011C000284649B0F0BD69462A4803F017F80028C0
:1011D0004BD1294C204603F041F8284803F03EF853
:1011E000274803F03BF82146224803F0B3F80028D3
:1011F000E5D1702000F0F8FE064610B1214B4460A6
:101200000360336830469B689847054600282ED017
:101210001A4F1948394603F09DF805460028CED1EB
:10122000194800F0E1FE044638B1184B47600360EE
:1012300000F58033C0E902551D74236820469B6881
:101240009847054628B10E490C4803F083F800285A
:10125000B5D1336830465B6898471CB12368204697
:101260005B68984700F0CAFEAAE70025FAE7044643
:10127000EFE700BF9C920008AC920008C392000800
:10128000D9920008FC92000814000100189300088D
:101290002DE9F04FD44A8DB00B68D0F804A001932B
:1012A0001A440368D14E1A44D1F81C90DFF8B4C335
:1012B000DFF8B4B3D0E90234634003EA0A036340C1
:1012C00013444A6802920AEB7363029CC84A2244A0
:1012D000C468224484688AEA04051D4065401544B8
:1012E0008A68039203EB3555039CC24A2244846802
:1012F00022448AEA03042C4084EA0A041444CA689B
:1013000005EBF4340492164483EA05022240564465
:101310005A4032440E69059604EBB222059FB64E40
:101320003E441E4485EA040313406B4033444E6937
:10133000069602EB7363069FB04E3E442E4484EA49
:1013400002051D40654035448E69079603EB35550F
:10135000079FAB4E3E44264482EA03042C4054408F
:101360003444A84E4E4405EBF434164483EA050297
:1013700022405A4032440E6A089604EBB222089F7B
:10138000A14E3E441E4485EA040313406B4033449F
:101390004E6A099602EB7363099F9C4ED1F830E0C8
:1013A0003E44D1F83880F3442E4484EA02051D40BF
:1013B000654035448E6AA6F5244703EB35550A96F9
:1013C0004F3F274482EA03042C4054403C44CF6AF8
:1013D0000B9705EBF4340B9E8D4F3744029E174458
:1013E00083EA050222405A403A448A4F774404EB8C
:1013F000B2221F4485EA040313406B403B444F6B09
:10140000BC4402EB7363654484EA020C0CEA030CEF
:101410008CEA040C6544DFF854C2C44403EB355530
:10142000A44482EA03042C4054406444D1F83CC0F4
:10143000794905EBF4346144114483EA0502224002
:101440005A400A44754904EBB2223144079E1944BC
:1014500084EA02032B4063400B44714902EBF363BF
:1014600031440B9E0D4482EA03012140514029443E
:101470006C4D03EBF1513544019E254483EA010490
:1014800014405C402C44684D01EBB4443544069E46
:10149000154481EA04021A404A402A44634D04EB91
:1014A000323235440A9E1D4484EA02030B406340F5
:1014B0002B445F4D02EBF3633544059E0D4482EAF5
:1014C00003012140514029445A4D03EBF151654439
:1014D000254483EA010414405C402C44564D01EB42
:1014E000B4443544099E154481EA04021A404A4036
:1014F0002A44524D04EB32323544049E1D4484EAA2
:1015000002030B4063402B444D4D02EBF363454413
:101510000D4482EA0301214051402944494D03EB27
:10152000F1513544089E2C4483EA010515405D4085
:101530002C44454D01EBB4443544039E2A4481EAD2
:1015400004051D404D402A44404D04EB32323D44D9
:101550002B4484EA020593440D4065402B443C4DE6
:1015600002EBF3633544069E294482EA03052540D5
:1015700055402944374D03EBF1514D442C4483EA47
:10158000010515405D40254401EBB54581EA0504A0
:1015900004EA03024A405A44A6F5B82B089E05EB1C
:1015A0003232ABF2BE6B54405B4423442A4C344489
:1015B00002EB33730B9E0C4485EA0201594021442F
:1015C000264C344403EB7151029E254482EA030405
:1015D0004C402544224C444401EB3545144483EAF5
:1015E00001026A40224443E078A46AD7EECEBDC12E
:1015F00056B7C7E8DB702024AF0F7CF52AC68747B3
:10160000134630A8019546FDD8988069AFF7448B02
:10161000BED75C892211906B2108B44962251EF661
:1016200040B340C0515A5E26AAC7B6E95D102FD616
:101630005314440281E6A1D8C8FBD3E7E6CDE121EB
:10164000D60737C3870DD5F4ED145A4505E9E3A94C
:10165000F8A3EFFCD9026F6781F6718722619D6D57
:101660000C38E5FD937198FD8A4C2A8D8E4379A63E
:10167000934C344405EB7222059E1C4481EA050319
:10168000534023448F4C344402EB33730A9E0C4482
:1016900085EA0201594021448B4C4C4403EB7151C3
:1016A000254482EA03044C402C44884D354401EB28
:1016B0003444019E154483EA010262402A44844D69
:1016C0003D4404EB72221D4481EA040353402B4441
:1016D000804D354402EB3373049E294484EA0205AD
:1016E0005D4029447C4D354403EB7151079E2544F0
:1016F00082EA03044C402C44784D354401EB3444D9
:10170000099E2A4483EA010565401544744A32441F
:1017100004EB7525039E134481EA04026A401A44CF
:10172000704B734405EB32720B4484EA050151405F
:1017300019446D4B634402EB71511C4485EA02036A
:101740004B401C44694B334401EB3444019E1D441F
:1017500082EA010363402B44654D04EB7323354457
:10176000069E154463EA010262402A44614D03EB80
:10177000B2624D4462EA040929445F4D89EA0309D3
:10178000454449442C445D4D02EBB1513544049E1F
:1017900061EA03081D4488EA0208444401EB7444EA
:1017A00064EA02034B402B44554D04EBF32375448C
:1017B00063EA010E15448EEA040E0EEB0502514D4C
:1017C00003EBB262354462EA040E29440A9D8EEAB4
:1017D000030EA5F580164C4D7144A6F6833602EB38
:1017E000B151264461EA030454403444029E01EBA3
:1017F0007444354464EA02061D444E407319089E41
:10180000424D04EBF323354463EA01061544664078
:1018100072193F4D03EBB262654462EA0406294443
:101820003C4D5E403144079E02EBB151354461EAC4
:1018300003062C44384D56403D443444059E1D4417
:1018400001EB744464EA02034B402B44334D04EB38
:10185000F32335440B9E154463EA010262402A4497
:101860002F4D03EBB2623544039E0D4462EA04013E
:10187000594029442B4D02EBB15135442A4E2544A1
:1018800061EA030454402C44099D01EB74442E4446
:1018900064EA02051E4485EA01039D1903681A449F
:1018A0000AEB040303EBF5230260436083681C44E6
:1018B000C36819448460C1600DB0BDE8F08F00BFFB
:1018C00044EABEA4A9CFDE4B604BBBF670BCBFBEE2
:1018D000C67E9B28FA27A1EA8530EFD4051D88042F
:1018E00039D0D4D9E599DBE6F87CA21F6556ACC4A3
:1018F000442229F497FF2A43A72394AB39A093FCF1
:10190000C3595B6592CC0C8FD15D84854F7EA86FE7
:10191000E0E62CFE144301A3A111084E827E53F78A
:1019200035F23ABDBBD2D72A91D386EB094B03607F
:1019300003F18833436003F12943A3F59613A3F61B
:101940008B638360A3F18833C3600023C0E9043351
:10195000704700BF012345672DE9F843144602692B
:1019600005460E46E300C2F3C50800F118079B18B0
:10197000036122BF43690133436112F4FC7F436971
:1019800003EB5473436114D0C8F1400907EB08001E
:101990004C4504D22246BDE8F84307F037BC403C32
:1019A0004A464E4407F032FC444439462846FFF785
:1019B0006FFCA04606EB0409B8F13F0FA9EB080144
:1019C0000AD94022384607F021FC39462846A8F1BA
:1019D0004008FFF75DFCEFE7A1096FF03F023846D2
:1019E00002FB014206EB8111D5E7000070B50B69DF
:1019F00001F1180506460C46C3F3C503EA18501C4E
:101A00008022EA54C3F13F02072A1FD8002100F0C8
:101A100087F929462046FFF73BFC3822002128465B
:101A200000F07EF9236929462046236563696365D2
:101A3000FFF72EFC21461022304607F0E7FB204638
:101A400058220021BDE8704000F06AB9C3F13702A6
:101A50000021E5E72DE9F84F4FF47A7306460D466D
:101A6000002402FB03F7DFF85080DFF8509098F96C
:101A700000305FFA84FA5A1C01D0A34210D159F801
:101A800024002A4631460368D3F820B03B46D847A5
:101A9000854205D1074B012083F800A0BDE8F88FEF
:101AA0000134042CE3D14FF4FA7004F0EBFD002074
:101AB000F4E700BFE43300201022002014220020AD
:101AC000002307B5024601210DF107008DF807300C
:101AD000FFF7C0FF20B19DF8070003B05DF804FBDD
:101AE0004FF0FF30F9E700000A46042108B5FFF780
:101AF000B1FF80F00100C0B2404208BD074B0A466A
:101B000030B41978064B53F821400146236820462B
:101B1000DD69044BAC4630BC604700BFE4330020B5
:101B200014220020A086010070B50A4E00240A4D40
:101B300005F020FA308028683388834208D905F000
:101B400015FA2B6804440133B4F5003F2B60F2D33F
:101B500070BD00BFE6330020A033002005F0E4BADA
:101B600000F1006000F500300068704700F100608F
:101B7000920000F5003005F059BA0000054B1A68D4
:101B8000054B1B889B1A834202D9104405F0EEB91D
:101B900000207047A0330020E633002038B504460B
:101BA000074D29B128682044BDE8384005F0F6B952
:101BB0002868204405F0E0F90028F3D038BD00BFC4
:101BC000A03300200020704700F1FF5000F58F1077
:101BD000D0F8000870470000064991F8243033B16E
:101BE00000230822086A81F82430FFF7BFBF0120D4
:101BF000704700BFA4330020014B1868704700BF36
:101C00000010005C194B01380322084470B51D68B0
:101C1000174BC5F30B042D0C1E88A6420BD15C6834
:101C20000A46013C824213460FD214F9016F4EB1AD
:101C300002F8016BF6E7013A03F10803ECD18142A7
:101C40000B4602D22C2203F8012B0424094A1688E1
:101C5000AE4204D1984284BF967803F8016B013CF0
:101C600002F10402F3D1581A70BD00BF0010005CED
:101C70002422002058930008022803D1024B4FF081
:101C800080529A61704700BF00100258022803D1A9
:101C9000024B4FF480529A61704700BF0010025807
:101CA000022804D1024A536983F480535361704778
:101CB0000010025870B504464FF47A764CB1412CAE
:101CC000254628BF412506FB05F0641B04F0DAFC1D
:101CD000F4E770BD002310B5934203D0CC5CC4542C
:101CE0000133F9E710BD0000013810B510F9013FCC
:101CF0003BB191F900409C4203D11AB10131013A44
:101D0000F4E71AB191F90020981A10BD1046FCE7CB
:101D100003460246D01A12F9011B0029FAD1704776
:101D200002440346934202D003F8011BFAE77047CE
:101D30002DE9F8431F4D14460746884695F82420A0
:101D400052BBDFF870909CB395F824302BB9202259
:101D5000FF2148462F62FFF7E3FF95F82400414634
:101D6000C0F1080205EB8000A24228BF2246D6B28D
:101D70009200FFF7AFFF95F82430A41B17441E44D0
:101D80009044E4B2F6B2082E85F82460DBD1FFF768
:101D900023FF0028D7D108E02B6A03EB820383429C
:101DA000CFD0FFF719FF0028CBD10020BDE8F88382
:101DB0000120FBE7A4330020024B1A78024B1A7073
:101DC000704700BFE433002010220020F8B5194C02
:101DD000194803F05FFF2146174803F087FF246886
:101DE0004FF47A70154ED4F89020154DD2F804387F
:101DF000114F43F00203C2F80438FFF75BFF20469F
:101E0000104904F081F8D4F890200424D2F8043862
:101E100023F00203C2F804384FF4E133336055F87D
:101E2000040BB84202D0314603F092FE013CF6D1D9
:101E3000F8BD00BF589B000818490020CC33002093
:101E400014220020609B00080C4B70B50C4D04461A
:101E50001E780C4B55F826209A420DD00A4B0021D3
:101E600018221846FFF75CFF0460014655F826006B
:101E7000BDE8704003F06CBE70BD00BFE4330020CD
:101E80001422002018490020CC3300202DE9F0470F
:101E900071B6464B01201D68454BB3F80080002306
:101EA0001A46194602F0BCFD0446802005F0DCF914
:101EB0000746002862D0002C60D03E4EADB24FF0F5
:101EC000800A7369284643F0C0637361D6F8143101
:101ED00043F0C063C6F8143105F048F805EB08027A
:101EE00000FB05F34FF4D06C50434FF03D0E984289
:101EF00033D93269520144D4D6F81021510140D46B
:101F0000216803F100628A602268D7602268C2F803
:101F100004A02268C2F800C0D4F80090D9F80020CC
:101F200042F00102C9F80020D4F80090D9F800204E
:101F300022F01E02C9F80020D4F80090D9F8002041
:101F4000D207FBD494F80C90803361680EFA09F242
:101F50000A60CCE7002005F0E7F8204602F096FD85
:101F6000384605F0BDF9134B5A6942F0C0625A6118
:101F7000D3F8142142F0C062C3F8142161B6BDE861
:101F8000F0870D4B9A6A42F400729A629A6A42F4A0
:101F900000429A6261B60026012005F0C5F8B045FE
:101FA000D8D9A819013604F0F9FFF8E7A0330020CA
:101FB000E63300200020005200ED00E030B50A4476
:101FC000084D91420DD011F8013B5840082340F3D1
:101FD0000004013B2C4013F0FF0384EA5000F6D1CB
:101FE000EFE730BD2083B8ED0121884238BF0846B5
:101FF00005F072B908B105F073B9704710B5084C17
:1020000001220849002001F0B3FE23783BB10648C5
:1020100003F016FD044803F049FD0023237010BDB2
:10202000E833002068930008C83600201D482DE9D9
:10203000F041036D2BB901224FF48051503005F06F
:10204000D7FA194E33780BB1FFF7D8FF0324174F97
:102050004FF00008134D15492846C7F8048003F0D7
:1020600017FD284603F050FB48B1013C284603F019
:102070001DFD14F0FF04EED1204634700FE00C4932
:1020800001220C4801F074FE014618B1284603F005
:10209000D7FCEAE7084800F011F801203070BDE8ED
:1020A000F08100BFC8360020E83300203C22002029
:1020B00068930008EC3300206C9300080FB40020F4
:1020C00004B070470068704703460068596870475D
:1020D0000B0A017043700B0C090E8370C1707047BE
:1020E000110A027003714170110C120E8170C270DE
:1020F0001A0A42711A0C1B0E8271C37170470000DC
:10210000C36A0239023B8B4283BF4389006C01FBE7
:102110000300002070470000C2F307238A76CB76C5
:102120000378032B01BF120C0A75120A4A75704717
:1021300000F10B010022D30143EA520310F8012BF6
:1021400052FA83F38842DAB2F5D1104670470000A4
:1021500010B5417804460020013102464901022AA7
:1021600016BFA35C032203EBC03302F101021EBFC2
:102170009BB203EB500398B29142F0D810BD00001F
:1021800002684AB1134613F8011B1F290DD93A29D9
:10219000F9D1911C8B4202D04FF0FF30704712787A
:1021A000302AF9D1036000207047014B187870473E
:1021B0003836002038B50D46044618B909200023EA
:1021C0002B6038BD0368002BF8D01A78002AF5D0B0
:1021D0008188DA889142F1D1587804F0EFFB10F051
:1021E0000100EBD12368EBE738B50D4640F25231E0
:1021F000144602F0B9F9FF2807D9012C0BD9030ABC
:10220000022468702B70204638BD30B1002CFAD003
:1022100001242870F7E70024F5E70446F3E70000FF
:102220002DE9F8430026D0F8008005460C468E764E
:10223000836B002B4AD098F80030042B4BD13346E7
:102240003546402720E0B7F5187F80F0C480F906B6
:1022500006F1010608BF0237D05B02372BB900F543
:10226000205292B2B2F5006F0DD305F11A01C5F1FB
:10227000FF0240EA03402144FFF7B6FF002800F0C8
:10228000AA80054400200346D8F8102092F82310B5
:10229000B142D8D8002B40F09E80002D00F09B80EA
:1022A00000232544AB766373D8F81020137903F02C
:1022B0003701DB0621730BD402F13800FFF704FF6E
:1022C000C4E9000193896381D3892381BDE8F88340
:1022D00000200146F4E7C36C01335ED1EA6B0023B2
:1022E0002E26551E184615F8011F013020290CD046
:1022F000052908BFE521092804D10B2B9EBFE7184B
:1023000001337E73E718013379730B28EBD1E118A1
:1023100000204873A17E00294BD1002B40D06FF0E4
:102320000C0604F10D000825361B331810F8011BAC
:10233000002938D02E298BB24AD0A3F141011929A6
:1023400003D8117B0D4200D020330373EDE7B9F1C0
:10235000000F05D100F520539BB2B3F5006F0BD3EE
:1023600007F11A01C7F1FF0240EA09402144FFF7D3
:102370003BFF48B10744002002368146D8F80C30B4
:10238000985B0028E3D13846B9F1000F4FF0000206
:1023900018BF002023189A76A0E7B1463746EDE72C
:1023A0003F23A3760123234400219976137B03B9AD
:1023B0006373D37A02F11C0003F03F0323730023FD
:1023C000FFF780FE20606360D38A6381138B7CE714
:1023D00010250B46B9E73F230125A37660E70000EF
:1023E00038B50546002435F8020B08B9204638BD3B
:1023F00002F0EEF86308C2B203EBC43312FA83F3BF
:102400009AB2C0F3072303EB520303EBC2339CB22F
:10241000E9E7000037B5C37804461BB90025284614
:1024200003B030BD00F14C01826C01234078019172
:1024300004F0EAFA054680B9A36BE070A06C226B49
:10244000C31A9342EAD2A3780199022BE6D102443F
:102450000123607804F0D8FAE1E70125DFE7000006
:1024600038B5836C05460C468B4210D0FFF7D2FF7F
:1024700060B92246012305F14C01687804F0A0FA06
:1024800000281CBF4FF0FF340120AC6438BD002091
:10249000FCE7000038B500230446C3704FF0FF335B
:1024A0008364FFF7DDFF00284BD1B4F84A524AF6A7
:1024B00055239D4207D10B22254904F14C0006F01B
:1024C00095FE00283FD094F84C30EB2B03D0183306
:1024D000DBB2012B2ED84AF655239D4206D10822A5
:1024E0001C4904F19E0006F081FE48B3B4F8573051
:1024F000B3F5007F1ED194F85930DBB15A1E1A4251
:1025000018D1B4F85A30ABB194F85C30013B012BD0
:1025100010D8B4F85D306BB1B4F85F307F2B06D8BB
:1025200004F16C00FFF7CEFDB0F5803F02D3B4F8A4
:10253000623053B94AF6552085420CBF0220032071
:1025400038BD0420FCE70120FAE70020F8E700BFCF
:1025500098930008A493000802392DE9F04701F090
:1025600007044FF0010A466C05460AFA04F41746C0
:10257000984606EB1136C1F3C809E4B23146284645
:102580000136FFF76DFF18B10120BDE8F0879946CD
:1025900005EB090292F84C30234214BF01210021BF
:1025A000414513D06340013F82F84C3085F803A0C9
:1025B000EBD0640014F0FF04EAD109F10103012417
:1025C0004FF00009B3F5007FE1D1D7E70220DCE747
:1025D00001290246F8B50C4640F28C800668F36A81
:1025E0008B4240F287803378013B032B00F28280DC
:1025F000DFE803F00229384B04EB5405B16B304699
:1026000001EB5521FFF72CFF10B14FF0FF30F8BD63
:102610006F1CC5F30805B16B3046354401EB5721FB
:1026200095F84C50FFF71CFF0028EED1C7F30807C0
:10263000E3073E4496F84C0045EA00204CBF0009F1
:10264000C0F30B00E3E7B16B304601EB1421FFF759
:1026500007FF0028D9D1640004F4FF742644B6F8BB
:102660004C00D4E7B16B304601EBD411FFF7F8FE14
:102670000028CAD1A40006F14C0004F4FE742044E2
:10268000FFF720FD20F07040C1E7D0E90430D57994
:1026900053EA000101D0916801B95DBB9168022D38
:1026A000A4EB01010DD1013B728940F1FF305B0ABF
:1026B00043EAC053B3FBF2F399421BD81CD0601C11
:1026C000A5E7032D02D193698B42F8D8D3699BB952
:1026D000B16B304601EBD411FFF7C2FE002894D154
:1026E000A0004C3600F4FE703044FFF7EBFC20F005
:1026F00000408CE701208AE76FF0004087E7000088
:10270000F8B5066804460D463378042B0CBF4FF02D
:1027100080524FF400128A4201D80220F8BDCA0646
:10272000FBD182680163D2B9022B13D83389B3EB92
:10273000551FF2D9F36BA363A36B6263002BECD03C
:1027400003EB55234C36C5F308050020A36335443D
:10275000E563E3E7F36BC271002BE7D01A46778994
:102760007F02BD42114604D23046FFF7C9FCA06388
:10277000E2E72046FFF72CFF431C024606D0012863
:10278000CBD9F36A8342C8D9ED1BEAE70120C5E73C
:1027900001292DE9F04706460C46174608D9C36AB9
:1027A0008B4205D90378022B62D003D8012B22D0AB
:1027B000022552E0033B012BFAD8816B01EBD411C7
:1027C000FFF74EFE0546002847D1A40006F14C0352
:1027D00004F4FE741C443378042B07D0204627F001
:1027E0007047FFF76FFC00F0704007433946204602
:1027F000FFF76EFC2FE001EB5108816B01EB5821D4
:10280000FFF72EFE054640BB14F0010406F14C090B
:1028100008F1010AC8F3080808BFFBB230461FBF21
:1028200019F8083003F00F023B0103F0F00318BF62
:10283000134309F808300123B16BF37001EB5A21FF
:10284000FFF70EFE054640B9CAF3080A44B1C7F3C4
:10285000071709F80A700123F3702846BDE8F087CE
:1028600019F80A30C7F3032723F00F031F43F0E7DB
:10287000816B01EB1421FFF7F3FD05460028ECD135
:10288000640006F14C0304F4FF741F551919C7F3D3
:1028900007274F70DFE70000F8B504460E461746DD
:1028A000E3690BB91846F8BD012BA6EB03052068B8
:1028B00014BFAA1C3A46691CFFF76AFF0028F2D130
:1028C000E369013BE361EBE701292DE9F8430646A3
:1028D0000C461746056802D80220BDE8F883EB6A6B
:1028E0008B42F9D97AB9A14621463046A046FFF776
:1028F0006FFE0446B0B92B78042B02D1002F43D1D0
:10290000F7710020E9E72B78042B02D1C379022B61
:10291000E9D04FF0FF3239462846FFF739FF00284B
:10292000E1D0DAE70128D7D0421C01D10120D4E759
:102930002B78042B19D1EA6AAB69023A93421CD373
:1029400008F10102A2420CD02B78042B08D10023FD
:10295000A2EB090249462846FFF7FEFD0028BCD13C
:10296000A146EB6AA342BFD8C5E7002241462846EC
:10297000FFF70EFF0028DED0AFE70133AB612B7904
:1029800043F001032B71DBE7F3798BB9B468BC42E8
:1029900002D10223F371B4E721463046FFF718FE57
:1029A000012899D9431CC1D001348442EFD0A8E753
:1029B000032BA6D1B368BB42A3D8B2691344BB4270
:1029C0009FD3E6E770B5C3790446032B06D181682F
:1029D0008369CD18A94203D10023E371002070BDA3
:1029E0004E1C20683246FFF7D3FE0028F7D131464F
:1029F000F0E700002DE9F74305460191FFF70AFDD6
:102A00000446002849D105F14C09019928464FF4A4
:102A10000072FFF775FB2146A86407464846FFF79A
:102A20007FF96C896402B4F5004F28BF4FF400446D
:102A3000B4F5007F2FD9204604F056FC804630B113
:102A400022460021640A0026FFF76AF909E06408BB
:102A5000EEE72346BA194146687803F0D5FF18B966
:102A600026446B899E42F4D3404604F04DFC6889AD
:102A7000801B18BF012003B0BDE8F08301366B89CD
:102A80009E42F4D20123BA194946687803F0BCFF8C
:102A90000028F3D0EBE70026F1E70120EBE7000088
:102AA000F8B50446FFF7B6FC0546002842D1237866
:102AB000032B37D12779012F34D104F14C0601467D
:102AC0004FF400723046FFF72BF955234122722153
:102AD00084F84A32AA2304F50D7084F84F2084F854
:102AE0004B32522384F8301284F84C3084F84D3045
:102AF000612384F8311284F84E3084F83332A169AE
:102B000084F83222FFF7E4FA616904F50E70FFF7EA
:102B1000DFFA626B3B46314601326078A26403F013
:102B200073FF257100226078114603F091FF003891
:102B300018BF0120F8BD000000232DE9F0430B6011
:102B400085B00F461546FFF71BFB061EC0F2B2818B
:102B5000804B53F82640002C00F0AE813C6005F01D
:102B6000FE0523786BB1607803F028FFC70708D40F
:102B70001DB110F0040500D00A25284605B0BDE8B7
:102B8000F0830023F0B22370607003F003FFC107ED
:102B900000F194810DB14207EED400212046FFF7E9
:102BA00079FC022840F099806E4604F2122304F268
:102BB0005221324618461033FFF784FA42F8040BCC
:102BC0008B42F7D1002556F8041B00297DD0204602
:102BD000FFF760FC012879D80128A26C40F0C08082
:102BE00004F1570304F18C0113F8015B002D7BD134
:102BF0008B42F9D1B4F8B430B3F5807F74D194F836
:102C0000B830092B70D104F19400FFF75DFA4FF052
:102C1000FF33171841F10001BB4275EB010363D389
:102C200004F1A000FFF74EFA94F8BA302063012BAC
:102C3000A37059D194F8B99003FA09F91FFA89F3EE
:102C40006381002B50D0444B04F1A800FFF73AFAFF
:102C50000646984248D8831C626304F1A400E362EC
:102C6000FFF730FA00EB020804F19C00C4F8408042
:102C7000FFF728FA10441FFA89F2A06306FB02F35B
:102C800013EB080345EB05029F4271EB02032BD3C4
:102C90002E4604F1AC00FFF715FAE06365B96389CD
:102CA000B34221D9E16B2046FFF72AFA8119204669
:102CB000FFF7D6FB98B90136631993F84C30812B96
:102CC00014D02035C5F30805E8E703200135042DAD
:102CD0007FF479AF042807D101E0042801D1012550
:102CE0004BE701287FF678AF0D2546E705F1140084
:102CF00004F14C063044FFF7E5F901280546F3D905
:102D0000E36A8342F0D96189821E236C02FB01339E
:102D10006364A16B204601EBD511FFF7A1FB0028EE
:102D2000DDD105F07F0006EB8000FFF7CBF9431CF7
:102D300003D00135A842ECD0D6E70425C4E905004C
:102D4000064A257000251388E56101339BB2138084
:102D5000E38012E73C360020FDFFFF7F4036002075
:102D6000B4F85730B3F5007FBED1B4F8626026B92D
:102D700004F17000FFF7A6F9064694F85C3026636C
:102D8000591EA3700129AFD894F859506581002DC0
:102D9000AAD0691E2942A7D1B4F85D8018F00F0FA0
:102DA000A4F80880A0D1B4F85F0018B904F16C0051
:102DB000FFF788F9B4F85A10002995D006FB03FEF6
:102DC00001EB181CF44460458ED3A0EB0C00A84224
:102DD000B0FBF5F388D33E48834285D84FF6F570B3
:102DE00083426DD903259F1C114402EB0C03032D74
:102DF000E7626263A16323644CD1B4F8763053EA8E
:102E000008037FF471AFBB0004F17800FFF75AF9B3
:102E1000E06303F2FF13B6EB532FFFF465AF4FF0FF
:102E2000FF33032DC4E905334FF08003237187D1AD
:102E3000B4F87C30012B83D1511C2046FFF710FBE6
:102E400000287FF47DAFB4F84A224AF6552320715A
:102E50009A427FF475AF1F4B04F14C00FFF732F933
:102E600098427FF46DAF03F1FF5304F50C70FFF748
:102E700029F903F50053203398427FF461AF04F53C
:102E80000D70FFF71FF9A06104F50E70FFF71AF936
:102E9000606155E7B8F1000F3FF426AF7144022D91
:102EA0004FEA4703E1631EBFD91907F0010303EBA3
:102EB0005103AEE70B2560E60C255EE603255CE6D4
:102EC00040F6F575AB428CBF022501258BE700BFAC
:102ED000F5FFFF0F525261412DE9F84F0746056893
:102EE000884649B96E69C6B1EB6AB34298BF0126FC
:102EF000AB69A3B9002405E0FFF76AFB012804468B
:102F000003D801242046BDE8F88F421C00F0D2808F
:102F1000EB6A8342F6D84646EAE70126E8E72A78D4
:102F2000EB6A042A40F08380A6F1020A023B4FF0CC
:102F3000010B9A4528BF4FF0000AD146696C28461C
:102F400001EB1931FFF78CFA00283BD109F0070398
:102F5000EA6AC9F3C8010BFA03F3901EDBB26A18E0
:102F60004C4609F1010992F84C20814502EA03021E
:102F700033BF5B0000234FF40071DBB228BF9946DA
:102F8000B2B90234631E0333BCD80123214628465C
:102F90001A46FFF7E1FA0228B3D0012800F08A8030
:102FA000B8F1000F13D10223FB710028A9D130E042
:102FB000CA450AD0002BD2D10131B1F5007FBDD274
:102FC0000123CCE74FF0FF34DCE70024DAE7FB799C
:102FD000022B07D1731CA342E7D0BB68F31ABB6175
:102FE0000323FB7108F10102FB69A24205D113B171
:102FF0000133FB61D9E70223FBE70BB90123FB6136
:10300000224641463846FFF747FC00284FD10123AE
:10301000FB61EA6AAB69023A6C6193429CBF03F1BF
:10302000FF33AB612B7943F001032B716AE746450F
:1030300014D1741C3846A34298BF02242146FFF7DE
:10304000C7FA01283FF45DAF431C33D0E0B16B6990
:10305000012B03D9EA6A934238BF1E463446013435
:10306000EB6AA34203D8012E7FF644AF0224214627
:103070003846FFF7ADFA48B101283FF442AF0130BE
:1030800018D0B442EBD135E7002CE7D04FF0FF3237
:1030900021462846FFF77CFB48B9B8F1000FB8D0AD
:1030A000224641462846FFF773FB0028B1D001288D
:1030B0007FF427AF4FF0FF3424E700002DE9F843F9
:1030C00006680446076B894633782037042B0CBF0B
:1030D0004FF080534FF40013BB429CBF0023836327
:1030E000836B73B1C7F30808B8F1000F3CD101330B
:1030F000416B836339B93389B3EB571F34D800234D
:10310000A36304200AE07389013B13EA57232BD100
:10311000FFF75EFA0128054602D80220BDE8F883D1
:10312000421C01D10120F9E7F36A834216D8B9F1B4
:10313000000FE4D0616B2046FFF7CEFE0546C8B114
:103140000128EAD0431CEDD001463046FFF752FC7F
:103150000028E7D1E37943F00403E37129463046C0
:103160006563FEF7CDFFA0634C360020276346441D
:10317000E663D3E70720D1E7F8B50E460021044601
:103180000768FFF7BDFA98B90546A16B3846FFF707
:1031900067F968B93A78E36B042A1B780CD11B06EF
:1031A0000ED5054601212046FFF788FF0028ECD008
:1031B000042808BF072006E0E52B01D0002BF0D142
:1031C0000135B542EED1F8BDC16C4B1C2DE9F04183
:1031D00004460568066B1FD1E5274FF00108A16B77
:1031E0002846FFF73DF998B92A78E36B042A09BF0E
:1031F0001A781F7002F07F021A7085F80380236B23
:10320000B3420DD200212046FFF758FF0028E6D038
:10321000042808BF022003E0FFF772FA0028DBD081
:10322000BDE8F0812DE9F04105460068A96B06690B
:10323000FFF716F9044620B9EB6B1A78852A03D0FC
:1032400002242046BDE8F081324603F1200153F804
:10325000040B8B4242F8040BF9D1777801377F01D8
:10326000A7F16003B3F5007FEAD800212846FFF7F5
:1032700025FF04280446E3D00028E2D1A96B286882
:10328000FFF7EEF804460028DBD1EB6B1A78C02A72
:10329000D6D106F1200203F1200153F8040B8B4232
:1032A00042F8040BF9D196F823300F222C33B3FBEC
:1032B000F2F3B7EB431FC3D34FF040080021284679
:1032C000FFF7FCFE04280446BAD00028B9D1A96B48
:1032D0002868FFF7C5F804460028B2D1EB6B1A78CE
:1032E000C12AADD1B8F5187F09D206EB080203F167
:1032F000200153F8040B8B4242F8040BF9D108F17A
:1033000020084745DAD8B8F5187F9AD83046FEF736
:103310001FFF7388834294D092E700000B6800225D
:1033200010B5036004460B6A83604B6AC261C371C7
:1033300023F0FF03896AC0E90432C164FFF7E0F9B2
:1033400020B92046BDE81040FFF76CBF10BD00005B
:10335000F8B50368054601271C692046FEF7F8FE0C
:10336000A070000A6678E0702846E96CFFF7C8F99B
:1033700020B1022828BF0220C0B2F8BDA96B28687E
:10338000FFF76EF80028F4D1EB6B04F1200254F83B
:10339000041B944243F8041BF9D12B68DF70002E04
:1033A000E7D000212846013EFFF788FEE0E7000055
:1033B0002DE9F8434FF0FF08064607680424454608
:1033C0004FF6FF79B16B11B9002C73D063E038462A
:1033D000FFF746F8044600285DD1F06B0378002B18
:1033E0006ED03A78042A11D1852B4DD1336B3046FB
:1033F000F364FFF717FF044600284CD13B691B79A3
:1034000003F03F03B3712046BDE8F883C27AE52B91
:1034100002F03F02B27143D02E2B41D022F02001A6
:1034200008293DD00F2A40D1590637D503F0BF05F2
:10343000336B90F80D80F364437B434530D1428B6E
:1034400072BB03780D21FC6823F04003DFF874E0C1
:10345000013B4B4301211EF801CB30F80CC009B3EE
:10346000FF2B1DD824F813C06146013301320D2A09
:10347000F1D10278520605D521B1FF2B10D80022D8
:1034800024F81320013DEDB200213046FFF716FE6F
:103490000446002896D00023B363B4E7AB42CBD0F8
:1034A000FF25F1E7CC45E1D0FAE72DB9FEF740FE64
:1034B000404501D10024A6E74FF0FF33F364A2E7B3
:1034C0000424E8E7409400082DE9F04F002187B07C
:1034D0000446D0F80090FFF713F9804670B999F8C8
:1034E0000030042B33D1D9F80C00FEF779FF0746E2
:1034F0002046FFF75DFF054620B18046404607B0F5
:10350000BDE8F08FD9F810309A8CBA42F0D193F818
:1035100023B040265D4506D1D9F80C3033F815307C
:10352000002BE5D1EAE7F106D9F8103008BF0236E2
:10353000985B01F04DF8D9F80C30824633F815004D
:1035400001F046F88245D3D102360135E2E74FF06B
:10355000FF0A4FF0FF3B5546C4F84CB0A16B4846FC
:10356000FEF77EFF00285CD1E66B3778002F77D01E
:10357000F27AE52F02F03F03A37103D0120704D5BE
:103580000F2B04D0C4F84CB04FE00F2B54D194F85B
:103590004B3058063FD4790645D5236B07F0BF075B
:1035A00096F80DA0E364737B53453ED1738B002BDB
:1035B0003BD135780121D9F80C3005F03F05019356
:1035C0000D23013D5D43284B13F8012BB25A71B313
:1035D000FF2D059329D81046049200F0F9FF6B1CCB
:1035E00003900293019B33F8150000F0F1FF03995B
:1035F00081421AD1049A029D1146059B1B4A9342AF
:10360000E2D133785A0604D519B1019B33F815304D
:103610005BB97D1EEDB200212046FFF74FFD00286B
:103620009CD080466AE7BD42BDD0FF25F3E74FF648
:10363000FF708242E2D0F8E72DB93046FEF778FD00
:1036400050453FF45BAF94F84B30DB079AD40B2224
:1036500004F14001304605F0C9FD002892D14DE744
:103660004FF004084AE700BF409400084D9400085A
:103670002DE9F04F90F84BB099B004461BF0A0052F
:1036800040F068810668F26832F81530002B4AD1A4
:103690003378042B40F087800F230E352046B5FB8E
:1036A000F3F5A91CFFF768FD8146002877D1236B4D
:1036B0000135A3EB4515E3795A07E56435D523F0C9
:1036C00004032046E371FFF77DF950BB4FF0FF3252
:1036D000616B2046FFF7E0F818BBA3682BB32146C7
:1036E00004A8FFF71BFEE0B970894FF40071D4E91C
:1036F0000423E0FB01233069C4E904233830FEF7DA
:10370000EFFC3069D4E904232830FEF7E9FCE379C3
:10371000326904A843F0010382F82130FFF718FE54
:1037200018B181463BE00135AEE7D6E903544022AB
:1037300000212046FEF7F4FA852301214022237060
:10374000C0234FF0C10C04EB010884F820300023A3
:103750001E469E46571C04F802C0F0B2023204F81E
:1037600007E021B135F8131009B10133DBB20F0ABC
:10377000A15408F802700232D706F2D135F813705E
:103780000136002FE6D184F82330831C284663706D
:10379000FEF726FE84F82400000A84F82500484637
:1037A00019B0BDE8F08F04F140070DF1100A1BF0CD
:1037B000010F97E807008AE8070000F0D380402354
:1037C0004FF0010884F84B30BC46F368B8F1050FA0
:1037D0009AE80700ACE803002CF8022B4FEA1242EB
:1037E0008CF8002059D9981E424630F8021F002953
:1037F00042D10DF10F0C072102F00F0E9146120974
:103800000EF13000392888BF0EF1370001390CF86D
:10381000010902D0B9F10F0FEED818AB7E205A186B
:1038200002F8580C38460022914206D010F801CB1D
:1038300002F1010EBCF1200F31D104F13F0C072938
:1038400002F1010297BF18AB20205818013198BF30
:1038500010F8580C072A0CF80200F0D92046FFF7A0
:1038600033FE8146002878D108F10108B8F1640FD1
:10387000AAD14FF0070992E74FF0100C01F0010EAA
:1038800049080EEB4202D30344BF82F4883282F02F
:103890002102BCF1010CF1D1A7E74246A9E772462B
:1038A000C2E7216B2046A1EB4511FEF729FF8146B7
:1038B00000287FF474AF4FF6FF783846FEF738FCE7
:1038C0000190A16B3046FEF7CBFD814600287FF4C6
:1038D00066AFE36BE9B2019A4FF00D0CD6F80CE03D
:1038E0005A734FF00F02DFF8E0A0DA724A1E187325
:1038F0000CFB02F284469876D87640451AF8019B74
:103900000CF1010C18BF3EF8120003EB090B18BFB5
:10391000013203F809004FEA1029002808BF404689
:10392000BCF10D0F8BF80190E7D1404502D03EF875
:1039300012200AB941F040011970012300212046EC
:10394000F370FFF7BBFB814600287FF428AF013DF1
:10395000B7D11BE04FF0060921E704287FF41FAF21
:1039600084F84BB01BF0020F20461BBF0C350D2115
:103970000125B5FBF1F518BF01352946FFF7FCFB22
:10398000814600287FF40BAF013D8AD1A16B304600
:10399000FEF766FD814600287FF401AF0146202234
:1039A000E06BFEF7BDF9E36B03CF18605960BA789E
:1039B00039889A72198194F84B30E26B03F018033E
:1039C00013730123F370EAE64094000810B504462F
:1039D0000A463430FEF776FB886004F13800FEF7C3
:1039E00073FBC2E9040194F8213003F00203D371A0
:1039F0000023D36110BD000003284B8B04BF8A8ACB
:103A000043EA0243184670472DE9F04F0B7899B00E
:103A1000044689462F2BD0F800B001D05C2B09D189
:103A20004A461378914601322F2BFAD05C2BF8D0FE
:103A3000002301E0DBF81C30A3600023E3619BF866
:103A40000030042B1ED1A368E3B1DBF820302146FF
:103A500004A82362DBF824306362DBF82830A36219
:103A6000FFF75CFC0346002854D1DBF8102002F17C
:103A70003800FEF727FBC4E9040392F8213003F075
:103A80000203E37199F800301F2B00F23581802387
:103A90000021204684F84B3019B0BDE8F04FFEF706
:103AA0002FBE49460B78894601312F2BFAD05C2B6B
:103AB000F8D01F2B8CBF00250425012F2FD1138890
:103AC0002E2B31D1002322F8173004F140029F42FF
:103AD0008CBF2E21202101330B2B02F8011BF6D1C4
:103AE00045F02005204684F84B50FFF7EDFC94F894
:103AF0004B30002800F0E78004280BD1990603F032
:103B0000040240F1DC80002A00F0F68080230020CF
:103B100084F84B3019B0BDE8F08F0425CDE7022FB3
:103B200002D153882E2BCAD0911E87BB002322F8C6
:103B30001730002F00F0118132F8130019460133BD
:103B40002028F9D009B92E2801D145F00305901E8F
:103B500030F817302E2B01D0013FF9D14FF0203330
:103B60004FF0000A6364D0462364C4F8473008234A
:103B7000481C32F811600090F6B1202E03D02E2E92
:103B80000DD1B84210D045F003050099F0E731F8A7
:103B90001730202B01D02E2BC8D1013FC5E79A4505
:103BA00005D20099B9423BD10B2B30D101E00B2B50
:103BB00027D145F003050B2394F84020E52A04BFE4
:103BC000052284F84020082B04BF4FEA88085FFADA
:103BD00088F808F00C030C2B03D008F00303032B28
:103BE00001D145F00205A8073FF57CAF18F0010FA1
:103BF00018BF45F0100518F0040F18BF45F0080570
:103C000070E70099B94202D045F00305D4D84FEAD5
:103C100088080B234FF0080A00975FFA88F8B4E78A
:103C20007F2E15D9304640F25231CDE9022345F0BE
:103C30000203019300F098FC10F0800F0646DDE9C6
:103C4000022316D000F07F0646498E5D019D46B3E3
:103C500031464548CDE9012305F0F2FADDE90123BB
:103C6000F8B9A6F1410189B219291ED848F0020815
:103C700010E0FF28EAD9591E8A4503D345F0030511
:103C80009A4682E704EB0A01000A0AF1010A019D43
:103C900081F8400004EB0A010AF1010A81F8406052
:103CA00073E745F003055F26F4E7A6F1610189B2E9
:103CB00019299EBF203E48F00108B6B2EAE7002A63
:103CC00008BF052026E75A073FF524AFA379DB0696
:103CD00045D59BF80000042835D1A3682146E27938
:103CE00023622369DBF8100023F0FF0313436362B0
:103CF000E36CA362FFF76AFE23680027DA6819F80D
:103D0000010B00283FF409AF40F25231009200F05D
:103D10004BFC054608B31F28009A7FF6FEAE2F28FD
:103D20003FF4BFAE5C283FF4BCAE7F2805D8014607
:103D30000E4805F085FA009A78B9FF2F0DD022F8C9
:103D400017500137DBE7216B0BF14C03C1F308017E
:103D50001944FFF751FEA060CEE70620DAE6052001
:103D6000D8E600BFC0930008B9930008B0930008DC
:103D70001FB5CDE9001003A814460391FEF700FA21
:103D8000002815DB0B4A52F820300BB100211970C6
:103D9000019B0BB10021197042F820302CB1002298
:103DA00001A96846FEF7C8FE0446204604B010BDCF
:103DB0000B24FAE73C3600202DE9F04798B09046F6
:103DC00005460191002800F0528102F03F0603A948
:103DD00001A83246FEF7B0FE002840F04681039B62
:103DE0004FF48C60049303F07FFA0746002800F03C
:103DF0004081039B00F500720199D86004A81A6104
:103E0000FFF702FE044620B99DF95B30002BB8BFD6
:103E1000062418F01C0F00F0CD80002C4CD0042C90
:103E200040D104A8FFF724FC044600283AD146F00C
:103E30000806039B1A78042A40F0838018692946F3
:103E40002B60FFF7C3FD039B1E220021186902307F
:103E5000FDF766FF039C00211A2220692630FDF73A
:103E60005FFF236920221A71246903F077FA014663
:103E7000012208342046FEF72BF9039B04A81B6996
:103E800083F82120FFF764FA044658B9A96801B302
:103E900002462846FEF718FDAB68039A0446013B2C
:103EA0005361B4B1384603F02FFA0CB100232B60F4
:103EB000204618B0BDE8F0879DF8163013F0110FBA
:103EC00040F0848018F0040F40F0C98018F0080F0B
:103ED000AFD1039A31071399936C48BF46F040065F
:103EE000E964AB641078042872D1069B9DF8171022
:103EF0002B62089B106923F0FF030B4329466B627A
:103F0000179BAB62FFF762FDDDF80CA000240022D6
:103F100005F15008BAF8063021464046C5F800A021
:103F2000AB80002385F8306085F831406C64C5E9CA
:103F30000E234FF40072FDF7F3FEB20653D40024B3
:103F4000B0E703F00BFA0146009013980E30FEF72D
:103F5000BFF8139800991630FEF7BAF8039C13992E
:103F60002078FFF749FD202300228046CB722046AF
:103F70001399FEF7D1F8139B002201211A775A7783
:103F80009A77DA77039BD970B8F1000FA1D0414638
:103F900004A8D3F84890FEF797FC0446002881D186
:103FA00049460398FEF75CFA039B044608F1FF308C
:103FB000586176E7002C7FF475AF9DF81630DC066B
:103FC0004FD418F0020F84D0D80782D5072469E7B0
:103FD000FFF712FD0023A86001F11C00FEF772F844
:103FE0006B61286190E7D5E9046956EA0903A6D018
:103FF000BAF80AA0A9684FEA4A2AC5E90E69B2458B
:1040000074EB09031BD300242964002C7FF44AAF0E
:10401000C6F30803002B92D0039C2046FEF770F8ED
:1040200008B3760A0123414646EAC95682196A64F2
:10403000607802F0C5FC041E18BF012432E7284650
:10404000FEF7C6FAB6EB0A06014669F10009012837
:1040500003D9431CD3D10124D6E70224D4E7082492
:1040600020E704241EE702241CE704461EE7092477
:104070001EE711241CE700002DE9F04F994685B09A
:104080000023884603A90446C9F800301646FEF707
:1040900091F8054680BB94F831506DBB94F83030F0
:1040A00013F00103009300F0A68004F1500AD4E954
:1040B0000432D4E90E011B1A62EB0102B34272F121
:1040C000000238BF1E46BEB1D4E90E10C1F308038A
:1040D000002B40F08280039B5A894B0A013A43EA45
:1040E000C0531A401BD151EA000309D1A06801282E
:1040F0000DD8022584F83150284605B0BDE8F08F70
:10410000216C20460192FEF763FA019AEFE7431C07
:1041100004D10123009D84F83130EDE72064DDF8FF
:104120000CB0216C5846FDF7EBFF0028E1D0B6F546
:10413000007F02EB000731D3BBF80A1002EB5620D8
:10414000730A88429BF8010088BF8B1A3A464146A1
:10415000019302F035FC0028DBD194F93020019B5B
:10416000002A0BDA606CC01B984207D24FF4007231
:10417000514608EB4020FDF7ADFD019B5F02D9F8E9
:104180000030F61BB8443B44C9F80030D4E90E3285
:10419000DB1942F10002C4E90E3294E7626CBA42C4
:1041A0001AD094F93030002B0DDA012351469BF8D8
:1041B000010002F029FC0028ABD194F8303003F064
:1041C0007F0384F83030039801233A465146407803
:1041D00002F0F6FB00289CD16764A16B4046C1F356
:1041E0000801C1F500775144B74228BF37463A4627
:1041F000FDF770FDC3E707257EE7000070B596B0B8
:104200000E460022019002A901A8FEF795FC044683
:10421000E0B94FF48C6003F067F80546D8B1029B13
:1042200000F500720199D86002A81A61FFF7ECFB53
:10423000044640B99DF95330002B0ADB1EB13146CC
:1042400002A8FDF7EDFF284603F05EF8204616B001
:1042500070BD0624F7E71124F8E7000070B5B8B088
:104260000222019003A901A8FEF766FC044608BBE0
:10427000039B4FF48C60109303F036F8054600283A
:1042800066D0039B00F500720199D86010A81A61EE
:10429000FFF7BAFB044650B99DF88B30980655D409
:1042A000190653D49DF84630DA0706D50724284668
:1042B00003F02AF8204638B070BD039B04931878A9
:1042C000042814D104A91869FFF780FB069E9DF805
:1042D0004630DB0610D410A8FEF776FF044600280F
:1042E000E5D156BB0398FEF7DBFB0446DFE71F99D9
:1042F000FFF782FB0646EAE7039BDA69B242D5D0B4
:1043000024930021269624A81B78042B01BFDDE905
:104310000823CDE928239DF817308DF89730FEF754
:10432000EFF904460028C2D124A8FFF741F804465B
:104330000028BBD00428BAD1CDE70246314604A8F4
:10434000FEF7C2FA04460028B1D1CBE70624AEE757
:104350001124AFE7F0B5BDB0CDE900106846FDF718
:104360000FFF022203A901A8FEF7E6FB044600287E
:1043700041D1039B4FF48C60149302F0B5FF0546C6
:10438000002800F0EE80039B00F5007214AE019946
:10439000D8601A613046FFF737FB044640BB9DF8F2
:1043A0009B3013F0A00F40F0D880039B009F1A7839
:1043B000042A68D11B6904AC03F1400C1868083367
:1043C00053F8041C2246634503C21446F6D150221A
:1043D000314628A8FDF77EFC394628A8FFF714FBD4
:1043E000044600284CD12A9A169B9A4206D00824EB
:1043F000284602F089FF20463DB0F0BD349A209B4C
:104400009A42F4D128A8FFF733F904460028EFD1E7
:10441000039B04AF1B6993F801E093F823C09C8CC5
:104420003A46083303CAB24243F8080C43F8041C66
:104430001746F5D1039B28A81B6983F801E0039B6D
:104440001A6982F823C01A6982F82440240A82F883
:1044500025401A691379D9065CBF43F02003137114
:10446000FEF776FF04460028C2D13046FEF7ACFEC8
:1044700004460028BCD10398FEF712FB0446B7E7B8
:104480000428B5D1BEE7239A04AB02F1200C1068D2
:10449000083252F8041C1C46624503C42346F6D178
:1044A0005022314628A8FDF715FC394628A8FFF709
:1044B000ABFA044600284CD12A9A169B9A4296D110
:1044C000349A209B9A4292D128A8FFF7D1F804464B
:1044D00000288DD137990DF11D030DF12D0001F14B
:1044E0000D0253F8044B834242F8044BF9D118886B
:1044F000012710809B7893709DF81B30039CDA068F
:1045000058BF43F02003CB72E770CB7ADB06ACD503
:10451000169A2A9B9A42A8D02078FFF76DFA014696
:104520002046FDF7EDFD0146C8B12046FDF798FF96
:10453000044600287FF45CAF039890F86D302E2B72
:1045400093D12A9A00F16C01FDF7E6FD039BDF7021
:104550008BE704287FF44CAFB6E7062448E7022433
:1045600046E7112447E700007F2810B501D880B244
:1045700010BDB0F5803F13D240F2523399420FD1B3
:104580000849002231F8024B93B2844203D103F16F
:104590008000C0B2ECE70132802AF3D11346F6E77F
:1045A0000020E5E7009700087F280DD940F252333C
:1045B000994208D1FF2806D800F10040034B80380B
:1045C00033F8100070470020704700BF00970008C4
:1045D000B0F5803FF0B522D21F4A83B21F49B0F533
:1045E000805F28BF0A46141D34F8042C2146AAB166
:1045F000934213D334F8025C2E0AEFB252FA85F5D7
:10460000A84222DA082E09D8DFE806F0050A1012BF
:104610001416181A1C00801A34F810301846F0BD11
:10462000981A00F001001B1A9BB2F7E7103BFBE75A
:10463000203BF9E7303BF7E71A3BF5E70833F3E7B0
:10464000503BF1E7A3F5E353EEE70434002ECBD162
:1046500001EB4702C7E700BF5094000844960008EA
:1046600008B5074B074A196801F03D019960536886
:104670000BB190689847BDE8084003F0A9B800BFA7
:10468000000002404436002008B5084B196889092B
:1046900001F03D018A019A60054AD3680BB11069A7
:1046A0009847BDE8084003F093B800BF00000240FF
:1046B0004436002008B5084B1968090C01F03D018B
:1046C0000A049A60054A53690BB190699847BDE89E
:1046D000084003F07DB800BF0000024044360020CF
:1046E00008B5084B1968890D01F03D018A059A60EB
:1046F000054AD3690BB1106A9847BDE8084003F03A
:1047000067B800BF000002404436002008B5074BE0
:10471000074A596801F03D01D960536A0BB1906AAC
:104720009847BDE8084003F053B800BF00000240BE
:104730004436002008B5084B5968890901F03D014D
:104740008A01DA60054AD36A0BB1106B9847BDE85D
:10475000084003F03DB800BF00000240443600208E
:1047600008B5084B5968090C01F03D010A04DA60EC
:10477000054A536B0BB1906B9847BDE8084003F0B6
:1047800027B800BF000002404436002008B5084B9F
:104790005968890D01F03D018A05DA60054AD36B3D
:1047A0000BB1106C9847BDE8084003F011B800BF8A
:1047B000000002404436002008B5074B074A19683C
:1047C00001F03D019960536C0BB1906C9847BDE8C6
:1047D000084002F0FDBF00BF000402404436002044
:1047E00008B5084B1968890901F03D018A019A60F2
:1047F000054AD36C0BB1106D9847BDE8084002F034
:10480000E7BF00BF000402404436002008B5084B53
:104810001968090C01F03D010A049A60054A536DBC
:104820000BB1906D9847BDE8084002F0D1BF00BFC2
:10483000000402404436002008B5084B1968890D71
:1048400001F03D018A059A60054AD36D0BB1106EE7
:104850009847BDE8084002F0BBBF00BF000402401B
:104860004436002008B5074B074A596801F03D015E
:10487000D960536E0BB1906E9847BDE8084002F0C6
:10488000A7BF00BF000402404436002008B5084B13
:104890005968890901F03D018A01DA60054AD36E41
:1048A0000BB1106F9847BDE8084002F091BF00BF00
:1048B000000402404436002008B5084B5968090C32
:1048C00001F03D010A04DA60054A536F0BB1906FA5
:1048D0009847BDE8084002F07BBF00BF00040240DB
:1048E0004436002008B5084B5968890D01F03D0198
:1048F0008A05DA60054AD36F13B1D2F88000984771
:10490000BDE8084002F064BF0004024044360020C5
:1049100000230C4910B51A460B4C0B6054F82300C9
:10492000026001EB430004334260402BF6D1074A9A
:104930004FF0FF339360D360C2F80834C2F80C34F0
:1049400010BD00BF4436002000980008000002405F
:104950000F28F8B510D9102810D0112811D012281E
:1049600008D10F240720DFF8B4E00126DEF800505C
:10497000A04208D9002649E00446F4E70F240020AD
:10498000F1E70724FBE706FA00F73D4240D1214C4E
:104990004FEA001C3D4304EB00160EEBC000CEF8BE
:1049A0000050C0E90123FBB24BB11B48836B43F0BD
:1049B00001038363036E43F001030366036E17F480
:1049C0007F4F09D01448836B43F002038363036E67
:1049D00043F002030366036E54F80C00036823F0EF
:1049E0001F030360056815F00105FBD104EB0C0300
:1049F0003D2493F80CC05F6804FA0CF43C60212459
:104A00000560446112B1987B00F0B4FC3046F8BDFB
:104A10000130ADE7009800080045025844360020F8
:104A200010B5302484F31188FFF792FF002383F33D
:104A3000118810BD10B50446807B00F0B1FC012345
:104A40001049627B03FA02F20B6823EA0203DAB22E
:104A50000B604AB90C4A916B21F001019163116E10
:104A600021F001011166126E13F47F4F09D1064B3C
:104A70009A6B22F002029A631A6E22F002021A6600
:104A80001B6E10BD443600200045025808B5302387
:104A900083F31188FFF7CEFF002383F3118808BD4D
:104AA000836CC26A8B42506810B506D95A1E4C00FE
:104AB00002EB4103B3FBF4F3184410BD01F0010312
:104AC0008A0748BF43F002034A0748BF43F0080380
:104AD0000A0748BF43F00403CA0648BF43F0100367
:104AE0008A06426B48BF43F0200313434363704779
:104AF00010B5074C204600F0BFFF064B0022C4E96A
:104B00001023054BA364054BE363054BE36410BD21
:104B1000C83600200070005200B4C4041C370020C6
:104B20001C390020C36A0BB90E4BC3620379012BF9
:104B30000CD10D4B984209D10C4B5A6B42F4803288
:104B40005A63DA6D42F48032DA65DB6D436C002221
:104B50001A65DA621A605A605A624FF0FF329A633D
:104B6000704700BF00990008C83600200045025871
:104B70000379012B16D0436C00221A65DA621A60A1
:104B80005A605A624FF0FF329A63074B984209D13C
:104B9000064B5A6B22F480325A63DA6D22F480326B
:104BA000DA65DB6D704700BFC8360020004502584B
:104BB00010B5446C0649FFF773FF6060236842F24A
:104BC000107043F003032360BDE8104001F05ABDAC
:104BD000801A06000129F8B5466C0B4F09D175689B
:104BE0000A493D40FFF75CFF054345F48055756079
:104BF000F8BD746806493C40FFF752FF044344F493
:104C000080547460F4E700BF00ECFFFF80F0FA020C
:104C100040787D01436C00225A601A6070470000A2
:104C2000426C0129536823F4404304D0022905D083
:104C300001B95360704743F48043FAE743F40043FB
:104C4000F7E70000436C41F480519A60D9605A6BD9
:104C50001206FCD580229A637047000010B541F41B
:104C60008851446CA260E160616B11F04502FBD099
:104C7000A26311F0040203D0FFF720FF012010BD52
:104C8000616910461960FAE710B541F48851446C27
:104C9000A260E160616B11F04502FBD0A26311F0EC
:104CA000050203D0FFF70AFF012010BD616910461D
:104CB0001960FAE773B5134604460E46302282F3B4
:104CC0001188426CD26B32B14FF0FF31403001930A
:104CD00001F0E4FC019B606C00220265C263C262C9
:104CE000456B15F4807504D185F31188012002B05D
:104CF00070BD4FF0FF31816382F31188012E06D918
:104D00000C21204602B0BDE87040FFF7BDBF104641
:104D1000EDE7000073B5446C0E4600250192616B0F
:104D2000A1632565E562FFF7C9FE012E07D9019B46
:104D30002A460C2102B0BDE87040FFF7A5BF02B0C3
:104D400070BD000010B541F49851446CA260E16060
:104D5000616B11F04502FBD0A26311F03F0203D05A
:104D6000FFF7ACFE012010BD216A10461960E16911
:104D70005960A16999606169D960F4E72DE9F74349
:104D800004460191006D01A91746984602F048FCBF
:104D9000064600284AD0626C2046DDF8049055682B
:104DA000C5F3090501356B00A56CB5FBF3F54FF4B0
:104DB0007A73B5FBF3F55D43556200F023FE50BBFB
:104DC000636C4FF0FF3201254146C3F858902046EE
:104DD0001D659A634FF49572DA6342F207029F628F
:104DE000DA62E36C0A9AFFF74FFFA0B9E26C104B4E
:104DF00011680B407BB929462046FFF75BFF05464B
:104E000048B92E463A460199206D02F041FC3046E1
:104E100003B0BDE8F0833A460199206D02F038FCFA
:104E2000E26C01212046FFF775FFF0E70126EEE76F
:104E300008E0FFFD2DE9F7431F46436C01924FF454
:104E40007A725D6804468846C5F3090501356E002F
:104E5000856CB5FBF6F5B5FBF2F555435D6200F0E8
:104E6000D1FD20B10125284603B0BDE8F0837E02C4
:104E700001A9206D324602F0D3FB05460028F1D08F
:104E8000636C019AD4F84C909A6501221A654FF030
:104E9000FF329A634FF49572DA639E62236BDB06EE
:104EA0004B4658BF4FEA4828012F42461BD91221D2
:104EB0002046FFF7E9FEC0B9D9F80020104B134097
:104EC0009BB9636C42F2930239462046DA62E26C87
:104ED000FFF7F0FE804640B932460199206D454605
:104EE00002F0D6FBBFE71121E2E732460199206DBF
:104EF00002F0CEFBE26C39462046FFF70BFFB2E72B
:104F000008E0FFFD2DE9F3411F46436C01924FF489
:104F10007A725D6804468846C5F3090501356E005E
:104F2000856CB5FBF6F5B5FBF2F555435D6200F017
:104F300069FD20B10125284602B0BDE8F0817E025E
:104F400001A9206D324602F0B1FB05460028F1D0E0
:104F5000636C019A9A6501221A654FF0FF329A63D9
:104F60004FF48D72DA639E62236BE66CDB06334688
:104F700058BF4FEA4828012F424619D91921204627
:104F8000FFF782FEB0B932680F4B134093B9636CE0
:104F900042F2910239462046DA62E26CFFF78AFE5D
:104FA000064638B901993546206D02F0BBFBC2E7D1
:104FB0001821E4E70199206D02F0B4FBE26C394658
:104FC0002046FFF7A7FEB6E708E0FFFD12F0030F4B
:104FD0002DE9F04107460C4615461E4617D00E44F3
:104FE000B44202D10020BDE8F0810123FA6B2146D2
:104FF0003846FFF71FFF0028F5D128464FF400720E
:10500000F96B05F500750134FCF764FEE8E7BDE8CF
:10501000F041FFF70FBF000012F0030F2DE9F04140
:1050200007460C4615461E4617D00E44B44202D120
:105030000020BDE8F08129464FF40072F86B05F5B9
:105040000075FCF747FE0123FA6B21463846FFF74F
:1050500059FF0028EDD10134E8E7BDE8F041FFF742
:1050600051BF000000207047302310B583F3118832
:105070000024436C40302146DC6301F01DFB84F3C7
:10508000118810BD026843681143016003B11847DD
:1050900070470000024A136843F0C0031360704772
:1050A00000440040024A136843F0C0031360704795
:1050B00000480040024A136843F0C0031360704781
:1050C00000780040044B9A6C02439A641A6F1043B4
:1050D00018671B6F704700BF0045025837B5274C53
:1050E000274D204600F028FD04F114000094002311
:1050F0004FF40072234900F0C3F94FF400722249C3
:1051000004F138000094214B00F03CFA204BC4E934
:105110001735204C204600F00FFD04F114000094D8
:1051200000234FF400721C4900F0AAF94FF40072FA
:105130001A4904F138000094194B00F023FA194B76
:10514000C4E91735184C204600F0F6FC04F11400B1
:1051500000234FF400721549009400F091F9144BAC
:105160004FF40072134904F13800009400F00AFA79
:10517000114BC4E9173503B030BD00BF2039002002
:1051800000E1F505643A00206440002095500008D5
:10519000004400408C390020643C00206442002020
:1051A000A550000800480040F8390020643E002067
:1051B000B5500008644400200078004038B5264D02
:1051C0000446037C002918BF0D46012B06D1234B52
:1051D000984230D14FF40030FFF774FF2A68236EF5
:1051E000E16D03EB5203A566B3FBF2F36A681004AA
:1051F00042BF23F0070003F0070343EA4003CB60FC
:10520000AB6843F040034B60EB6843F001038B60F5
:1052100042F4967343F001030B604FF0FF330B62CF
:10522000510505D512F0102211D0B2F1805F10D0D7
:1052300084F8643038BD0A4B984205D0094B984237
:10524000CCD14FF08040C7E74FF48020C4E77F23E4
:10525000EEE73F23ECE700BF089900082039002063
:105260008C390020F83900202DE9F047C66D05463D
:105270003768F469210734621AD014F0080118BFA6
:105280004FF48071E20748BF41F02001A3074FF0BF
:10529000300348BF41F04001600748BF41F0800142
:1052A00083F31188281DFFF7EDFE002383F3118897
:1052B000E2050AD5302383F311884FF48061281D5D
:1052C000FFF7E0FE002383F311884FF030094FF021
:1052D000000A14F0200838D13B0616D54FF03009EB
:1052E00005F1380A200610D589F31188504600F0E0
:1052F0007DF9002836DA0821281DFFF7C3FE27F0C4
:1053000080033360002383F31188790614D5620685
:1053100012D5302383F31188D5E913239A4208D19B
:105320002B6C33B127F040071021281DFFF7AAFE90
:105330003760002383F31188E30618D5AA6E13693A
:10534000ABB15069BDE8F047184789F31188736A1B
:10535000284695F86410194000F008FC8AF311887B
:10536000F469B6E7B06288F31188F469BAE7BDE87A
:10537000F0870000090100F16043012203F5614359
:10538000C9B283F8001300F01F039A4043099B0041
:1053900003F1604303F56143C3F880211A6070474D
:1053A00000F01F0301229A40430900F160409B0076
:1053B00000F5614003F1604303F56143C3F88020C9
:1053C000C3F88021002380F800337047F8B51546F4
:1053D000826804460B46AA4200D28568A169266904
:1053E000761AB5420BD218462A46FCF773FCA3691D
:1053F0002B44A3612846A3685B1BA360F8BD0CD9AE
:10540000AF1B18463246FCF765FC3A46E16830446B
:10541000FCF760FCE3683B44EBE718462A46FCF7E0
:1054200059FCE368E5E7000083689342F7B504465A
:10543000154600D28568D4E90460361AB5420BD20D
:105440002A46FCF747FC63692B4463612846A3683E
:105450005B1BA36003B0F0BD0DD93246AF1B0191B9
:10546000FCF738FC01993A46E0683144FCF732FC1D
:10547000E3683B44E9E72A46FCF72CFCE368E4E7F1
:1054800010B50A440024C361029B8460C1600261BC
:105490000362C0E90000C0E9051110BD08B5D0E9FC
:1054A0000532934201D1826882B9826801328260FA
:1054B0005A1C426119700021D0E904329A4224BF7B
:1054C000C368436101F012F9002008BD4FF0FF30BE
:1054D000FBE7000070B5302304460E4683F31188C5
:1054E000A568A5B1A368A269013BA360531CA36191
:1054F00015782269934224BFE368A361E3690BB185
:1055000020469847002383F31188284607E0314658
:10551000204601F0DBF80028E2DA85F3118870BD3F
:105520002DE9F74F04460E4617469846D0F81C90D2
:105530004FF0300A8AF311884FF0000B154665B121
:105540002A4631462046FFF741FF034660B94146EF
:10555000204601F0BBF80028F1D0002383F3118826
:10556000781B03B0BDE8F08FB9F1000F03D00190B4
:105570002046C847019B8BF31188ED1A1E448AF31D
:105580001188DCE7C160C361009B82600362C0E9EF
:1055900005111144C0E9000001617047F8B50446E7
:1055A0000D461646302383F31188A768A7B1A36878
:1055B000013BA36063695A1C62611D70D4E9043227
:1055C0009A4224BFE3686361E3690BB120469847C0
:1055D000002080F3118807E03146204601F076F87C
:1055E0000028E2DA87F31188F8BD0000D0E905232E
:1055F00010B59A4201D182687AB9826800210132DD
:1056000082605A1C82611C7803699A4224BFC36875
:10561000836101F06BF8204610BD4FF0FF30FBE7CF
:105620002DE9F74F04460E4617469846D0F81C90D1
:105630004FF0300A8AF311884FF0000B154665B120
:105640002A4631462046FFF7EFFE034660B9414641
:10565000204601F03BF80028F1D0002383F31188A5
:10566000781B03B0BDE8F08FB9F1000F03D00190B3
:105670002046C847019B8BF31188ED1A1E448AF31C
:105680001188DCE70379052B05BF836A0020012020
:105690004B6004BF4FF400730B60704770B55D1E24
:1056A000866A04460D44B54205D9436B43F0800336
:1056B0004363012070BD06250571FFF787FC0523B4
:1056C0002371F7E770B55D1E866A04460D44B54246
:1056D00005D9436B43F080034363012070BD072568
:1056E0000571FFF799FC05232371F7E738B50579B4
:1056F0000446052D05D108230371FFF7B3FC25717E
:1057000038BD0120FCE700000323F0B5037185B02C
:105710000446FFF74DFA002220461146FFF792FAA1
:105720004FF4D57203AB08212046FFF7ADFA0246CD
:10573000B8B901232363039BC3F30323012B09D1CE
:1057400003AB37212046FFF79FFA18B9A44B039A01
:105750001340ABB120460125FFF75CFA0223237109
:1057600037E103AB002237212046FFF78DFA28B935
:105770009B4A039B1A40002A00F0A7800223236360
:10578000236B03F00F03022B40F0A9806425954E94
:1057900042F2107000F076FF03AB32460121204642
:1057A000FFF75CFA0028D5D1039B002B80F2938091
:1057B0005A0003D5236B43F010032363002204F146
:1057C000080302212046FFF7BDFA02460028C1D196
:1057D00004F1380303212046FFF756FA0028B9D117
:1057E00004F11805A26B092120462B46FFF7AAFAFF
:1057F0000028AFD102ABA26B07212046FFF744FA85
:1058000006460028A6D1236B03F00F03022B40F0BD
:105810008F807E227F21284603F036FA012840F24D
:105820008780E76B42F2107000F02CFF08234FF4E2
:105830000072394620460096FFF7A0FA002889D169
:10584000384603F06FFA236BA06203F00F03022BBC
:1058500072D103AB644A06212046FFF715FA0028EF
:1058600071D15F49039B1940B1FA81F14909204682
:10587000FFF7B0F902AB4FF4007210212046FFF79A
:1058800003FA054600287FF465AF554E029B33426C
:105890007FF460AF236B13F00E0F03F00F0273D091
:1058A000022A7FF457AFE36A1978012900F0948047
:1058B000022900F09380002900F089804B4F204698
:1058C000FFF7AEF903AB3A4676E011462046226375
:1058D000FFF7B8F954E7013D7FF45AAF3AE7444D7A
:1058E0006426444A3E4F012B18BF154603AB0022E5
:1058F00037212046FFF7C8F900287FF42BAF039B20
:105900003B427FF427AF03AB2A4629212046FFF70D
:10591000A5F900287FF41EAF039B002BFFF648AFCC
:10592000013E3FF417AF42F2107000F0ABFEDDE72E
:10593000284603F0CBF986E77E227F212846E66BD6
:1059400003F0A2F908B9002191E700234022314673
:10595000204600930623FFF711FA0028F3D1B389FC
:105960005BBA9B07EFD5244B40223146204600937B
:105970000623FFF703FA0028E5D1317C01F00F017F
:105980000F3918BF012172E7E36A1978F9B10129CB
:105990007FF4E0AE2046FFF743F903ABA26B37215B
:1059A0002046FFF771F900287FF4D4AE039B334201
:1059B0007FF4D0AE03AB022206212046FFF764F944
:1059C00000287FF4C7AE039B33427FF4C3AE0523A8
:1059D0002371284605B0F0BD084F70E7084F6EE709
:1059E00008E0FFFD0080FFC00001B9030000B7031D
:1059F0000080FF5000001080F1FFFF800001B7031E
:105A00000002B70337B504460C4D01ABA26B0D2164
:105A10002046FFF739F978B9019B2B420BD1C3F32C
:105A20004323042B08D0053B022B04D84FF47A7093
:105A300000F028FEE9E7012003B030BD08E0FFFDDB
:105A400070B53023054683F3118803790024022BB7
:105A500003D184F31188204670BD0423037184F3BD
:105A600011880226FFF7CEFF04462846FFF7D2F83A
:105A70002E71F0E7FFF73CB8044B0360012303717C
:105A800000234363C0E90A33704700BF2099000830
:105A900010B53023044683F31188C162FFF742F842
:105AA00002230020237180F3118810BD10B530232C
:105AB000044683F31188FFF75BF800230122E362B9
:105AC000227183F3118810BD02684368114301609D
:105AD00003B11847704700001430FFF721BD0000E4
:105AE0004FF0FF331430FFF71BBD00003830FFF7D5
:105AF00097BD00004FF0FF333830FFF791BD000035
:105B00001430FFF7E7BC00004FF0FF311430FFF70F
:105B1000E1BC00003830FFF741BD00004FF0FF321C
:105B20003830FFF73BBD0000012914BF6FF01300B0
:105B300000207047FFF7D2BA044B03600023436094
:105B4000C0E9023301230374704700BF4499000881
:105B500010B53023044683F31188FFF72FFB02238F
:105B60000020237480F3118810BD000038B5C3698C
:105B700004460D461BB904210844FFF7A5FF29463A
:105B800004F11400FFF78AFC002806DA201D4FF408
:105B90000061BDE83840FFF797BF38BD0268436831
:105BA0001143016003B118477047000013B5406B03
:105BB00000F58054D4F8A4381A681178042914D157
:105BC000017C022911D11979012312898B401342DA
:105BD0000BD101A94C3002F085FFD4F8A44802464D
:105BE000019B2179206800F0DFF902B010BD0000B0
:105BF000143002F007BF00004FF0FF33143002F002
:105C000001BF00004C3002F0D9BF00004FF0FF335D
:105C10004C3002F0D3BF0000143002F0D5BE0000BB
:105C20004FF0FF31143002F0CFBE00004C3002F0D4
:105C3000A5BF00004FF0FF324C3002F09FBF0000C4
:105C40000020704710B500F58054D4F8A4381A68C5
:105C50001178042917D1017C022914D15979012323
:105C600052898B4013420ED1143002F067FE024677
:105C700048B1D4F8A4484FF4407361792068BDE876
:105C8000104000F07FB910BD406BFFF7DBBF000094
:105C9000704700007FB5124B0125042604460360BF
:105CA0000023057400F1840243602946C0E90233F1
:105CB0000C4B0290143001934FF44073009602F0A5
:105CC00019FE094B04F69442294604F14C00029453
:105CD000CDE900634FF4407302F0E0FE04B070BD04
:105CE0006C990008895C0008AD5B00080A683023E5
:105CF00083F311880B790B3342F823004B7913336C
:105D000042F823008B7913B10B3342F8230000F5DE
:105D10008053C3F8A41802230374002080F3118871
:105D20007047000038B5037F044613B190F8543033
:105D3000ABB90125201D0221FFF730FF04F114004B
:105D40006FF00101257700F0DDFC04F14C0084F8D0
:105D500054506FF00101BDE8384000F0D3BC38BDAD
:105D600010B5012104460430FFF718FF0023237704
:105D700084F8543010BD000038B5044600251430B6
:105D800002F0D0FD04F14C00257702F09FFE201DAB
:105D900084F854500121FFF701FF2046BDE8384048
:105DA000FFF750BF90F8803003F06003202B06D13E
:105DB00090F881200023212A03D81F2A06D800202A
:105DC0007047222AFBD1C0E91D3303E0034A426732
:105DD00007228267C3670120704700BF442200206A
:105DE00037B500F58055D5F8A4381A68117804291C
:105DF0001AD1017C022917D11979012312898B400C
:105E0000134211D100F14C04204602F01FFF58B19B
:105E100001A9204602F066FED5F8A4480246019B7F
:105E20002179206800F0C0F803B030BD01F10B0308
:105E3000F0B550F8236085B004460D46FEB130231E
:105E400083F3118804EB8507301D0821FFF7A6FEB8
:105E5000FB6806F14C005B691B681BB1019002F006
:105E60004FFE019803A902F03DFE024648B1039B94
:105E70002946204600F098F8002383F3118805B0E6
:105E8000F0BDFB685A691268002AF5D01B8A013BF5
:105E90001340F1D104F18002EAE70000133138B574
:105EA00050F82140ECB1302383F3118804F580537E
:105EB000D3F8A4281368527903EB8203DB689B694B
:105EC0005D6845B104216018FFF768FE294604F1BA
:105ED000140002F03DFD2046FFF7B4FE002383F3DB
:105EE000118838BD7047000001F06CBD01234022CD
:105EF000002110B5044600F8303BFBF711FF0023EA
:105F0000C4E9013310BD000010B53023044683F30B
:105F100011882422416000210C30FBF701FF20464C
:105F200001F072FD02230020237080F3118810BD60
:105F300070B500EB8103054650690E461446DA60E1
:105F400018B110220021FBF7EBFEA06918B1102256
:105F50000021FBF7E5FE31462846BDE8704001F020
:105F600053BE000083682022002103F0011310B506
:105F7000044683601030FBF7D3FE2046BDE8104096
:105F800001F0CEBEF0B4012500EB810447898D40BD
:105F9000E4683D43A469458123600023A2606360F7
:105FA000F0BC01F0EBBE0000F0B4012500EB810471
:105FB00007898D40E4683D436469058123600023BF
:105FC000A2606360F0BC01F061BF000070B5022305
:105FD00000250446242203702946C0F888500C305E
:105FE00040F8045CFBF79CFE204684F8705001F0FA
:105FF0009FFD63681B6823B129462046BDE87040B9
:10600000184770BD0378052B10B504460AD080F8F8
:106010008C300523037043681B680BB1042198473B
:106020000023A36010BD00000178052906D190F877
:106030008C20436802701B6803B11847704700004A
:1060400070B590F87030044613B1002380F87030BA
:1060500004F18002204601F087FE63689B68B3B9B3
:1060600094F8803013F0600535D00021204602F00E
:1060700079F90021204602F069F963681B6813B1C1
:10608000062120469847062384F8703070BD2046CC
:1060900098470028E4D0B4F88630A26F9A4288BFAF
:1060A000A36794F98030A56F002B4FF0300380F286
:1060B0000381002D00F0F280092284F8702083F320
:1060C000118800212046D4E91D23FFF76DFF00232E
:1060D00083F31188DAE794F8812003F07F0343EA21
:1060E000022340F20232934200F0C58021D8B3F57A
:1060F000807F48D00DD8012B3FD0022B00F0938039
:10610000002BB2D104F1880262670222A267E36722
:10611000C1E7B3F5817F00F09B80B3F5407FA4D148
:1061200094F88230012BA0D1B4F8883043F00203F8
:1061300032E0B3F5006F4DD017D8B3F5A06F31D072
:10614000A3F5C063012B90D86368204694F88220A1
:106150005E6894F88310B4F88430B047002884D087
:10616000436863670368A3671AE0B3F5106F36D01E
:1061700040F6024293427FF478AF5C4B63670223A0
:10618000A3670023C3E794F88230012B7FF46DAF3F
:10619000B4F8883023F00203A4F88830C4E91D5510
:1061A000E56778E7B4F88030B3F5A06F0ED194F8C6
:1061B0008230204684F88A3001F018FD63681B683D
:1061C00013B1012120469847032323700023C4E91B
:1061D0001D339CE704F18B0363670123C3E7237836
:1061E000042B10D1302383F311882046FFF7BAFE29
:1061F00085F311880321636884F88B5021701B6834
:106200000BB12046984794F88230002BDED084F8FA
:106210008B300423237063681B68002BD6D00221C7
:1062200020469847D2E794F8843020461D0603F0B4
:106230000F010AD501F08AFD012804D002287FF45D
:1062400014AF2B4B9AE72B4B98E701F071FDF3E766
:1062500094F88230002B7FF408AF94F8843013F068
:106260000F01B3D01A06204602D502F093F8ADE72D
:1062700002F084F8AAE794F88230002B7FF4F5AEA0
:1062800094F8843013F00F01A0D01B06204602D5ED
:1062900002F068F89AE702F059F897E7142284F8B8
:1062A000702083F311882B462A4629462046FFF7A3
:1062B00069FE85F31188E9E65DB1152284F8702046
:1062C00083F3118800212046D4E91D23FFF75AFEED
:1062D000FDE60B2284F8702083F311882B462A46B2
:1062E00029462046FFF760FEE3E700BF9C990008BF
:1062F000949900089899000838B590F870300446D1
:10630000002B3ED0063BDAB20F2A34D80F2B32D8FE
:10631000DFE803F0373131082232313131313131A8
:1063200031313737856FB0F886309D4214D2C3685B
:106330001B8AB5FBF3F203FB12556DB9302383F3CF
:1063400011882B462A462946FFF72EFE85F3118831
:106350000A2384F870300EE0142384F87030302360
:1063600083F31188002320461A461946FFF70AFED8
:10637000002383F3118838BDC36F03B1984700230E
:10638000E7E70021204601F0EDFF0021204601F063
:10639000DDFF63681B6813B106212046984706237A
:1063A000D7E7000010B590F870300446142B29D0C0
:1063B00017D8062B05D001D81BB110BD093B022B05
:1063C000FBD80021204601F0CDFF0021204601F03E
:1063D000BDFF63681B6813B106212046984706235A
:1063E00019E0152BE9D10B2380F87030302383F3AB
:1063F000118800231A461946FFF7D6FD002383F3C0
:106400001188DAE7C3689B695B68002BD5D1C36F3D
:1064100003B19847002384F87030CEE700238268E8
:1064200080F8243083691B6899689142FBD25A68CE
:10643000036042601060586070470000002382686B
:1064400080F8243083691B6899689142FBD85A68A8
:1064500003604260106058607047000008B508464D
:10646000302383F3118891F82430032B05D0042BBB
:106470000DD02BB983F3118808BD8B6A00221A60F6
:106480004FF0FF338362FFF7C9FF0023F2E7D1E942
:10649000003213605A60F3E7034610B51B68984258
:1064A00003D09C688A689442F8D25A680B604A60AC
:1064B0001160596010BD0000FFF7B0BF064BD968EE
:1064C00081F824001868026853601A600122D860BD
:1064D00080F82420F9F796BF684600200C4B30B5B1
:1064E000DD684B1C87B004460FD02B46094A68462E
:1064F00000F09CF92046FFF7E1FF009B13B16846CE
:1065000000F09EF9A86A07B030BDFFF7D7FFF9E7A2
:10651000684600205D640008044B1A68DB689068D8
:106520009B68984294BF0020012070476846002075
:10653000094B10B51C68D868226853601A600122A4
:10654000DC6084F82420FFF779FF01462046BDE88F
:106550001040F9F757BF00BF68460020044B1A6887
:10656000DB6892689B689A4201D9FFF7E1BF7047E8
:106570006846002038B50123084C0025237065606B
:1065800002F0FEFB02F024FC0549064802F0FAFC8A
:106590000223237085F3118838BD00BF1049002005
:1065A000A49900086846002000F080B9034A5168A9
:1065B00053685B1A9842FBD8704700BF001000E098
:1065C0008B604B630023CA6100F128020B63022336
:1065D0000A618B840123886181F8263001F1100360
:1065E000C26A4A611360C36201F12C030846CB62A0
:1065F00070470000D0E90131026841F8183CA1F170
:106600009C033839CB60036941F8243C436941F865
:10661000203C034B41F8043CC3680248FFF7D0BF5D
:106620001D0400086846002008B5FFF7E3FFBDE839
:106630000840FFF741BF000038B50E4BDC6804F19D
:106640002C05A062E06AA8420FD194F826303BB92D
:1066500094F825309B0702BFD4E9043213605A60D6
:106660000F20BDE83840FFF729BF0368E362FFF75A
:1066700023FFE7E768460020302383F31188FFF704
:10668000DBBF000008B50146302383F311880820E2
:10669000FFF724FF002383F3118808BD054BDB6857
:1066A00021B1036098620320FFF718BF4FF0FF305D
:1066B000704700BF6846002003682BB100220260CB
:1066C00018469962FFF7F8BE70470000064BDB687A
:1066D00039B1426818605A60136043600420FFF7C4
:1066E000FDBE4FF0FF3070476846002003689842B7
:1066F00006D01A680260506018469962FFF7DCBE47
:106700007047000038B504460D462068844200D129
:1067100038BD036823605C608562FFF7CDFEF4E757
:10672000036810B59C68A2420CD85C688A600B6054
:106730004C602160596099688A1A9A604FF0FF3363
:10674000836010BD121B1B68ECE700000A2938BFEC
:106750000A2170B504460D460A26601902F00AFBAC
:1067600002F0F2FA041BA54203D8751C04462E461B
:10677000F3E70A2E04D90120BDE8704002F0CABC3C
:1067800070BD0000F8B5144B0D460A2A4FF00A07F9
:10679000D96103F11001826038BF0A224160196992
:1067A0001446016048601861A81802F0D3FA02F09C
:1067B000CBFA431B0646A34206D37C1C2819274666
:1067C000354602F0D7FAF2E70A2F04D90120BDE8D6
:1067D000F84002F09FBCF8BD68460020F8B50646B8
:1067E0000D4602F0B1FA0F4A134653F8107F9F424C
:1067F00006D12A4601463046BDE8F840FFF7C2BF41
:10680000D169BB68441A2C1928BF2C46A34202D96F
:106810002946FFF79BFF224631460348BDE8F84072
:10682000FFF77EBF6846002078460020C0E90323BA
:10683000002310B45DF8044B4361FFF7CFBF0000A5
:1068400010B5194C236998420DD08168D0E9003207
:1068500013605A609A680A449A60002303604FF0FC
:10686000FF33A36110BD0268234643F8102F536025
:106870000022026022699A4203D1BDE8104002F072
:1068800073BA936881680B44936002F05DFA2269E1
:10689000E1699268441AA242E4D91144BDE810406B
:1068A000091AFFF753BF00BF684600202DE9F047E3
:1068B000DFF8BC8008F110072C4ED8F8105002F019
:1068C00043FAD8F81C40AA68031B9A423ED81444E5
:1068D0004FF00009D5E90032C8F81C4013605A6037
:1068E000C5F80090D8F81030B34201D102F03CFA5C
:1068F00089F31188D5E9033128469847302383F37B
:1069000011886B69002BD8D002F01EFA6A69A0EBDF
:10691000040982464A450DD2022002F0FBFB002208
:10692000D8F81030B34208D151462846BDE8F047A8
:10693000FFF728BF121A2244F2E712EB0909294691
:10694000384638BF4A46FFF7EBFEB5E7D8F81030B7
:10695000B34208D01444C8F81C00211AA960BDE84D
:10696000F047FFF7F3BEBDE8F08700BF7846002090
:106970006846002038B502F0E7F9054AD2E9084533
:10698000031B181945F10001C2E9080138BD00BF19
:106990006846002010B560B9074804790368053CD3
:1069A0009B6818BF0124984708B144F004042046AE
:1069B00010BD0124FBE700BFC8360020FFF7EABF87
:1069C0002DE9F047884617469A460446B0B90D4E61
:1069D0003579052D05D003240DE0013D15F0FF05A7
:1069E0000ED03268534639463046D2F814904246AB
:1069F000C8470028F1D12046BDE8F0870424FAE713
:106A00000124F8E7C83600202DE9F04788461746EC
:106A10009A460446B0B90D4E3579052D05D00324AC
:106A20000DE0013D15F0FF050ED0326853463946A2
:106A30003046D2F818904246C8470028F1D1204687
:106A4000BDE8F0870424FAE70124F8E7C8360020FF
:106A500037B50C46154670B951B101290BD107481D
:106A6000694603681B6A984710B9019B04462B606E
:106A7000204603B030BD0424FAE700BFC83600202A
:106A800000207047FEE70000704700004FF0FF3025
:106A9000704700004B6843608B688360CB68C360BD
:106AA0000B6943614B6903628B6943620B68036046
:106AB0007047000008B53C4B40F2FF713B48D3F8EB
:106AC00088200A43C3F88820D3F8882022F4FF6284
:106AD00022F00702C3F88820D3F88830344B1A6CB0
:106AE0000A431A649A6E0A439A66324A9B6E1146AA
:106AF000FFF7D0FF00F5806002F11C01FFF7CAFF2D
:106B000000F5806002F13801FFF7C4FF00F58060F6
:106B100002F15401FFF7BEFF00F5806002F1700141
:106B2000FFF7B8FF00F5806002F18C01FFF7B2FFBC
:106B300000F5806002F1A801FFF7ACFF00F580606E
:106B400002F1C401FFF7A6FF00F5806002F1E00149
:106B5000FFF7A0FF00F5806002F1FC01FFF79AFF4C
:106B600002F58C7100F58060FFF794FF01F0A6FC40
:106B7000114BD3F8902242F00102C3F89022D3F8CF
:106B8000942242F00102C3F894220522C3F898200F
:106B90004FF06052C3F89C20084AC3F8A020BDE81B
:106BA000084000F0FDBC00BF00440258000002583D
:106BB00000450258B899000800ED00E01F000803E6
:106BC00008B501F083FEFFF7D5FC0D4BDA6B42F000
:106BD0004002DA635A6E22F040025A665B6E094B3D
:106BE0001A6842F008021A601A6842F004021A6039
:106BF00000F0A0FD00F03CFBBDE8084000F0B4B898
:106C000000450258001802480120704700207047D4
:106C10007047000002290CD0032904D0012907483D
:106C200018BF00207047032A05D8054800EBC200B2
:106C30007047044870470020704700BFBC9B0008A5
:106C400054220020709B000870B59AB00546084693
:106C5000144601A900F0C2F801A8FBF759F8431C3B
:106C60000022C6B25B001046C5E90034237003233E
:106C7000023404F8013C01ABD1B202348E4201D897
:106C80001AB070BD13F8011B013204F8010C04F8AE
:106C9000021CF1E708B5302383F311880348FFF79E
:106CA0009FF8002383F3118808BD00BF1849002016
:106CB00090F8803003F01F02012A07D190F881205C
:106CC0000B2A03D10023C0E91D3315E003F0600354
:106CD000202B08D1B0F884302BB990F88120212ADC
:106CE00003D81F2A04D8FFF75DB8222AEBD0FAE7B1
:106CF000034A426707228267C3670120704700BFCB
:106D00004B22002007B5052917D8DFE801F0191636
:106D100003191920302383F31188104A01210190AF
:106D2000FFF706F9019802210D4AFFF701F90D4816
:106D3000FFF722F8002383F3118803B05DF804FB0A
:106D4000302383F311880748FEF7ECFFF2E7302386
:106D500083F311880348FFF703F8EBE7109B000863
:106D6000349B00081849002038B50C4D0C4C2A46BD
:106D70000C4904F10800FFF767FF05F1CA0204F1AE
:106D800010000949FFF760FF05F5CA7204F1180009
:106D90000649BDE83840FFF757BF00BFF06100204B
:106DA00054220020EC9A0008F69A0008059B00087F
:106DB00070B5044608460D46FAF7AAFFC6B220464B
:106DC000013403780BB9184670BD32462946FAF7EC
:106DD0008BFF0028F3D10120F6E700002DE9F047F2
:106DE00005460C46FAF794FF2A49C6B22846FFF733
:106DF000DFFF08B10D36F6B227492846FFF7D8FF66
:106E000008B11036F6B2632E0BD8DFF88880DFF8B1
:106E10008890224FDFF890A02E7846B92670BDE802
:106E2000F08729462046BDE8F04702F017BA252E24
:106E30002CD1072241462846FAF756FF60B9184B75
:106E4000224603F1140153F8040B8B4242F8040B61
:106E5000F9D107351434DFE7082249462846FAF706
:106E600043FF98B9A21C0F4B197802320909C95D7A
:106E700002F8041C13F8011B01F00F015345C95D12
:106E800002F8031CF0D118340835C5E7013504F8C1
:106E9000016BC1E7DC9B0008059B0008F99B00081B
:106EA000E49B000800E8F11F0CE8F11FBFF34F8FCF
:106EB000044B1A695107FCD1D3F810215207F8D1BD
:106EC000704700BF0020005208B50D4B1B78ABB9CE
:106ED000FFF7ECFF0B4BDA68D10704D50A4A5A607A
:106EE00002F188325A60D3F80C21D20706D5064A3F
:106EF000C3F8042102F18832C3F8042108BD00BFA1
:106F00004E640020002000522301674508B5114B54
:106F10001B78F3B9104B1A69510703D5DA6842F0B0
:106F20004002DA60D3F81021520705D5D3F80C21BE
:106F300042F04002C3F80C21FFF7B8FF064BDA68B5
:106F400042F00102DA60D3F80C2142F00102C3F8EA
:106F50000C2108BD4E640020002000520F289ABF6B
:106F600000F5806040040020704700004FF40030BE
:106F700070470000102070470F2808B50BD8FFF7A6
:106F8000EDFF00F500330268013204D10430834282
:106F9000F9D1012008BD0020FCE700000F2838B51A
:106FA00005463FD8FFF782FF1F4CFFF78DFF4FF0DC
:106FB000FF3307286361C4F814311DD82361FFF73C
:106FC00075FF030243F02403E360E36843F08003AA
:106FD000E36023695A07FCD42846FFF767FFFFF7F1
:106FE000BDFF4FF4003100F0B7FA2846FFF78EFFDF
:106FF000BDE83840FFF7C0BFC4F81031FFF756FFB7
:10700000A0F108031B0243F02403C4F80C31D4F8A8
:107010000C3143F08003C4F80C31D4F810315B0715
:10702000FBD4D9E7002038BD002000522DE9F84FED
:1070300004460D46104644EA0203DE0602D0002054
:10704000BDE8F88F20F01F00DFF8D4B0DFF8D4A03F
:10705000FFF73AFF05EB0008454503D10120FFF794
:1070600055FFEDE720222946204602F0BFF810B96F
:1070700020342035F0E7234604F120021F68791CF4
:10708000DDD104339342F9D104F178432048214EF5
:10709000B3F5801F204B38BF184603F1F80332BF09
:1070A000D946D1461E46FFF701FF0760A4EB050C49
:1070B000336805F11C0143F0020333602B1FD9F83C
:1070C000007017F00507FAD153F8042F8B424CF8E3
:1070D0000320F4D1BFF34F8FFFF7E8FE4FF0FF33EB
:1070E0000360336823F002033360BFF34F8F0B4B11
:1070F000C3F85C42BFF34F8FBFF36F8F2022294646
:10710000204602F073F80028B2D03846A7E700BF47
:10711000142100520C2000521420005200ED00E017
:10712000102000521021005210B5084C237828B1CD
:107130001BB9FFF7C9FE0123237010BD002BFCD043
:107140002070BDE81040FFF7E1BE00BF4E64002094
:107150002DE9F04F0D4685B0814658B111F00D066E
:1071600014BF2022082211F00803019304D0431E0B
:10717000034269D0002435E0002E37D009F11F0109
:1071800021F01F094FF00108314F05F00403DFF82B
:10719000CCA005EA080BBBF1000F32D07869C0071C
:1071A0002FD408F101080C37B8F1060FF3D19EB9BE
:1071B000284D4946A819019201F02CFE04460028EA
:1071C00039D12036019AA02EF3D1494601F022FE92
:1071D000044600282FD1019A49461F4801F01AFEA3
:1071E000044660BB204605B0BDE8F08F0029C9D138
:1071F00001462846029201F00DFE0446D8B9029AD3
:10720000C0E713B178694107CBD5AC0702D57869DF
:107210008007C6D5019911B178690107C1D54946E2
:107220000AEB4810CDE9022301F0F4FD0446DDE944
:1072300002230028B5D04A460021204601E04A46F4
:107240000021FAF76DFDCDE70246002E96D199E7B1
:107250000C9C0008906400205064002070640020A2
:107260000021FFF775BF00000121FFF771BF00008B
:1072700070B5144D0124144E40F2FF32002101205C
:10728000FAF74EFD06EB441001342A6955F80C1F3D
:1072900001F0ACFD062CF5D137254FF4C054204643
:1072A000FFF7E2FF014628B122460848BDE87040DA
:1072B00001F09CBDC4EBC404013D4FEAD404EED1FF
:1072C00070BD00BF0C9C000870640020506400205A
:1072D0000421FFF73DBF00004843FFF7C1BF000096
:1072E00008B101F009BE7047B0F5805F10B50446E3
:1072F00007D8FFF7EDFF28B92046BDE81040FFF79B
:10730000AFBF002010BD0000FFF7EABF70B5AAB103
:1073100040EA010313F01F030FD1094C0144A56893
:107320006D0706D52568A84203D366683544A9428F
:1073300004D903330C34122BF1D10022104670BD56
:107340000C9C000808B501F0EDFE034AD2E90032BA
:10735000C01842EB010108BD30650020434BD3E962
:1073600000232DE9F34113437CD0FFF7EBFF404AA4
:1073700000230027F9F760F806460D463D4A002332
:10738000F9F75AF80023144630462946394AF9F7E6
:1073900053F84FF461613C23ADF80170B4FBF1F593
:1073A000B4FBF3F601FB154103FB16464624B1FB83
:1073B000F3F1314BF6B28DF8004098423CD84FF0D3
:1073C000640C4FF4C87EA30704F26C7225D1B2FBA3
:1073D000FCF30CFB132313BBB2FBFEF30EFB1322D7
:1073E000B2FA82F35B0903F26D18621C8045D2B2D7
:1073F00017D90FB18DF800400022204C4FF00C0C33
:1074000017460CFB0343D4B2013213F804C0844581
:107410000CD8A0EB0C000127F5E70023E3E70123DC
:10742000E1E7A0EB080014460127CCE70FB18DF887
:107430000140431C8DF802309DF80100431C9DF86B
:1074400000005038400640EA43509DF8023040EAC0
:10745000034040EA560040EAC52040EA411002B02D
:10746000BDE8F0814FF40410F9E700BF306500205B
:1074700040420F008051010090230B00549C0008F3
:107480000244074BD2B210B5904200D110BD441C4B
:1074900000B253F8200041F8040BE0B2F4E700BF5B
:1074A000504000580E4B30B51C6F240405D41C6F9F
:1074B0001C671C6F44F400441C670A4C0244236898
:1074C000D2B243F480732360074B904200D130BDA9
:1074D000441C51F8045B00B243F82050E0B2F4E7DA
:1074E00000440258004802585040005807B5012295
:1074F00001A90020FFF7C4FF019803B05DF804FB69
:1075000013B50446FFF7F2FFA04205D0012201A9FE
:1075100000200194FFF7C6FF02B010BD10B564242F
:10752000013C4FF47A70FFF7ADF814F0FF04F7D187
:10753000084B4FF0807214249A6103F5805308229F
:107540009A61013C4FF47A70FFF79CF814F0FF0445
:10755000F7D110BD000002580144BFF34F8F064B16
:10756000884204D3BFF34F8FBFF36F8F7047C3F8C8
:107570005C022030F4E700BF00ED00E00144BFF3FF
:107580004F8F064B884204D3BFF34F8FBFF36F8FEB
:107590007047C3F870022030F4E700BF00ED00E050
:1075A000114BDA6952021ED59A69D00704D50F4AE9
:1075B0009A6002F144329A600B4BDA69D107FCD42D
:1075C0001A6A22F480021A629A6942F002029A61EF
:1075D000DA69D207FCD49A6942F001029A61024A40
:1075E000D369DB07FCD47047002000523B2A1908FE
:1075F00070B5054616460C4601201021FFF76CFEBB
:10760000286046733CB1204636B1FFF761FE2B6817
:10761000186000B19C6070BDFFF726FEF7E7000020
:10762000F8B50F461546044648B905F11F01012675
:10763000386821F01F01FFF78FFF3046F8BD427B0D
:1076400029463868FFF762FE06460028EDD13B6800
:107650006360A368AB4210D213B12068FFF740FE0D
:10766000637B28462BB1FFF733FE206020B9A06072
:10767000E3E7FFF7F9FDF8E7A560206805F11F01D2
:10768000012621F01F013860FFF766FF2673D4E75B
:1076900010B5044640B10068884205D1606808B161
:1076A000FAF718FB0023237310BD0000F8B50F464E
:1076B0001446054648B904F11F010126386821F037
:1076C0001F01FFF75BFF3046F8BD427B214638685B
:1076D000FFF71CFE06460028EDD1AB68A34210D28E
:1076E00013B12868FFF7FCFD6B7B20462BB1FFF739
:1076F000EFFD286020B9A860E5E7FFF7B5FDF8E7E2
:10770000AC60396819B122462868FAF7E3FA2868AC
:1077100004F11F01012621F01F013860FFF72EFF41
:107720002E73D0E720B103688B4204BF002303739C
:1077300070470000034B1A681AB9034AD2F8D024E4
:107740001A607047386500200040025808B5FFF7FE
:10775000F1FF024B1868C0F3806008BD3865002057
:10776000EFF30983054968334A6B22F001024A634B
:1077700083F30988002383F31188704700EF00E04A
:10778000302080F3118862B60D4B0E4AD96821F47F
:10779000E0610904090C0A430B49DA60D3F8FC20C4
:1077A00042F08072C3F8FC20084AC2F8B01F11688A
:1077B00041F0010111602022DA7783F8220070473E
:1077C00000ED00E00003FA0555CEACC5001000E066
:1077D000302310B583F311880E4B5B6813F40063FC
:1077E00014D0F1EE103AEFF309844FF08073683C47
:1077F000E361094BDB6B236684F30988FEF78CFE9B
:1078000010B1064BA36110BD054BFBE783F3118854
:10781000F9E700BF00ED00E000EF00E02F040008F2
:107820003204000870B5BFF34F8FBFF36F8F1A4A51
:107830000021C2F85012BFF34F8FBFF36F8F53690F
:1078400043F400335361BFF34F8FBFF36F8FC2F820
:107850008410BFF34F8FD2F8803043F6E074C3F347
:10786000C900C3F34E335B0103EA0406014646EA4E
:1078700081750139C2F86052F9D2203B13F1200F13
:10788000F2D1BFF34F8F536943F480335361BFF399
:107890004F8FBFF36F8F70BD00ED00E0FEE700007B
:1078A000214B2248224A70B5904237D3214BC11E4A
:1078B000DA1C121A22F003028B4238BF0022002188
:1078C000FAF72EFA1C4A0023C2F88430BFF34F8F18
:1078D000D2F8803043F6E074C3F3C900C3F34E33EB
:1078E0005B0103EA0406014646EA81750139C2F8E4
:1078F0006C52F9D2203B13F1200FF2D1BFF34F8F1E
:10790000BFF36F8FBFF34F8FBFF36F8F0023C2F8AA
:107910005032BFF34F8FBFF36F8F70BD53F8041B0E
:1079200040F8041BC0E700BF5C9D000834670020DE
:10793000346700203467002000ED00E0054B996BB0
:1079400021EA000199631A6E22EA00021A661B6E90
:10795000704700BF0045025870B5D0E924430022AB
:107960004FF0FF359E6804EB42135101D3F8000934
:10797000002805DAD3F8000940F08040C3F8000978
:10798000D3F8000B002805DAD3F8000B40F0804054
:10799000C3F8000B013263189642C3F80859C3F8C4
:1079A000085BE0D24FF00113C4F81C3870BD000032
:1079B000890141F02001016103699B06FCD412207A
:1079C000FEF7F4BD10B50A4C2046FEF78FFA094BBE
:1079D000C4F89030084BC4F89430084C2046FEF7A9
:1079E00085FA074BC4F89030064BC4F8943010BDAC
:1079F0003C65002000000840909C0008D8650020ED
:107A0000000004409C9C000870B503780546012BDB
:107A100058D13F4BD0F89040984254D13D4B0E2165
:107A200065209A6B42F000629A631A6E42F000621F
:107A30001A661B6E384BD3F8802042F00062C3F800
:107A40008020D3F8802022F00062C3F88020D3F891
:107A50008030FDF78FFC314BE360314BC4F80038C8
:107A60000023D5F89060C4F8003EC02323604FF493
:107A70000413A3633369002BFCDA01230C20336168
:107A8000FEF794FD3369DB07FCD41220FEF78EFD70
:107A90003369002BFCDA00262846A660FFF75CFF5E
:107AA0006B68C4F81068DB68C4F81468C4F81C6814
:107AB00063BB1C4BA3614FF0FF336361A36843F0CA
:107AC0000103A36070BD184B9842C9D1114B4FF010
:107AD00080609A6B42F000729A631A6E42F00072F4
:107AE0001A661B6E0C4BD3F8802042F00072C3F86C
:107AF0008020D3F8802022F00072C3F88020D3F8D1
:107B00008030FFF71BFF0E214D20A2E7074BD1E786
:107B10003C650020004502580044025840140040D3
:107B200003002002003C30C0D8650020083C30C073
:107B3000F8B5D0F89040054600214FF00066204689
:107B4000FFF736FFD5F8941000234FF001128F682D
:107B50004FF0FF30C4F83438C4F81C2804EB43124B
:107B600001339F42C2F80069C2F8006BC2F80809ED
:107B7000C2F8080BF2D20B68D5F89020C5F89830FF
:107B8000636210231361166916F01006FBD11220F0
:107B9000FEF70CFDD4F8003823F4FE63C4F8003877
:107BA000A36943F4402343F01003A3610923C4F8FD
:107BB0001038C4F814380B4BEB604FF0C043C4F8D6
:107BC000103B094BC4F8003BC4F81069C4F80039F5
:107BD000D5F8983003F1100243F48013C5F89820CB
:107BE000A362F8BD6C9C000840800010D0F8902083
:107BF00090F88A10D2F8003823F4FE6343EA0113A8
:107C0000C2F80038704700002DE9F84300EB81030B
:107C1000D0F890500C468046DA680FFA81F9480196
:107C2000166806F00306731E022B05EB41134FF096
:107C3000000194BFB604384EC3F8101B4FF0010189
:107C400004F1100398BF06F1805601FA03F391691D
:107C500098BF06F5004600293AD0578A04F158012A
:107C6000374349016F50D5F81C180B430021C5F864
:107C70001C382B180127C3F81019A7405369611E3F
:107C80009BB3138A928B9B08012A88BF5343D8F871
:107C90009820981842EA034301F140022146C8F8AF
:107CA0009800284605EB82025360FFF781FE08EB3F
:107CB0008900C3681B8A43EA845348341E43640125
:107CC0002E51D5F81C381F43C5F81C78BDE8F88341
:107CD00005EB4917D7F8001B21F40041C7F8001B3A
:107CE000D5F81C1821EA0303C0E704F13F030B4A4F
:107CF0002846214605EB83035A60FFF759FE05EB42
:107D00004910D0F8003923F40043C0F80039D5F801
:107D10001C3823EA0707D7E70080001000040002A0
:107D2000D0F894201268C0F89820FFF715BE000024
:107D30005831D0F8903049015B5813F4004004D01A
:107D400013F4001F0CBF0220012070474831D0F807
:107D5000903049015B5813F4004004D013F4001F25
:107D60000CBF02200120704700EB8101CB68196A2B
:107D70000B6813604B6853607047000000EB810391
:107D800030B5DD68AA691368D36019B9402B84BF88
:107D9000402313606B8A1468D0F890201C4402EBD7
:107DA0004110013C09B2B4FBF3F46343033323F005
:107DB000030343EAC44343F0C043C0F8103B2B68BD
:107DC00003F00303012B0ED1D2F8083802EB411067
:107DD00013F4807FD0F8003B14BF43F0805343F08E
:107DE0000053C0F8003B02EB4112D2F8003B43F0D5
:107DF0000443C2F8003B30BD2DE9F041D0F890605B
:107E000005460C4606EB4113D3F8087B3A07C3F846
:107E1000087B08D5D6F814381B0704D500EB81037E
:107E2000DB685B689847FA071FD5D6F81438DB077C
:107E30001BD505EB8403D968CCB98B69488A5A688D
:107E4000B2FBF0F600FB16228AB91868DA68904295
:107E50000DD2121AC3E90024302383F3118821467E
:107E60002846FFF78BFF84F31188BDE8F0810123DA
:107E700003FA04F26B8923EA02036B81CB68002BBF
:107E8000F3D021462846BDE8F041184700EB8103B6
:107E90004A0170B5DD68D0F890306C692668E660FC
:107EA00056BB1A444FF40020C2F810092A6802F0A9
:107EB0000302012A0AB20ED1D3F8080803EB4214D8
:107EC00010F4807FD4F8000914BF40F0805040F0D7
:107ED0000050C4F8000903EB4212D2F8000940F048
:107EE0000440C2F800090122D3F8340802FA01F173
:107EF0000143C3F8341870BD19B9402E84BF402027
:107F0000206020681A442E8A8419013CB4FBF6F4E0
:107F100040EAC44040F00050C6E700002DE9F843B5
:107F2000D0F8906005460C464F0106EB4113D3F89C
:107F3000088918F0010FC3F808891CD0D6F810384A
:107F4000DB0718D500EB8103D3F80CC0DCF8143044
:107F5000D3F800E0DA68964530D2A2EB0E024FF07B
:107F600000091A60C3F80490302383F31188FFF7E7
:107F70008DFF89F3118818F0800F1DD0D6F83438A2
:107F80000126A640334217D005EB84030134D5F80F
:107F90009050D3F80CC0E4B22F44DCF8142005EB69
:107FA0000434D2F800E05168714514D3D5F8343860
:107FB00023EA0606C5F83468BDE8F883012303FA0E
:107FC00001F2038923EA02030381DCF80830002B65
:107FD000D1D09847CFE7AEEB0103BCF81000834245
:107FE00028BF0346D7F8180980B2B3EB800FE3D857
:107FF0009068A0F1040959F8048FC4F80080A0EB40
:1080000009089844B8F1040FF5D818440B4490605F
:108010005360C8E72DE9F84FD0F8905004466E69D8
:10802000AB691E4016F480586E6103D0BDE8F84F6E
:10803000FDF7CCBF002E12DAD5F8003E9B0705D025
:10804000D5F8003E23F00303C5F8003ED5F8043808
:10805000204623F00103C5F80438FDF7E5FF370596
:1080600005D52046FFF778FC2046FDF7CBFFB0048E
:108070000CD5D5F8083813F0060FEB6823F47053CD
:108080000CBF43F4105343F4A053EB6031071BD5EE
:108090006368DB681BB9AB6923F00803AB61237825
:1080A000052B0CD1D5F8003E9A0705D0D5F8003E37
:1080B00023F00303C5F8003E2046FDF7B5FF6368D3
:1080C000DB680BB120469847F30200F1BA80B70293
:1080D00026D5D4F8909000274FF0010A09EB4712FB
:1080E000D2F8003B03F44023B3F5802F11D1D2F82E
:1080F000003B002B0DDA62890AFA07F322EA030338
:10810000638104EB8703DB68DB6813B139462046E3
:1081100098470137D4F89430FFB29B689F42DDD96D
:10812000F00619D5D4F89000026AC2F30A1702F0DB
:108130000F0302F4F012B2F5802F00F0CA80B2F5FE
:10814000402F09D104EB8303002200F58050DB6847
:108150001B6A974240F0B0803003D5F8185835D5E7
:10816000E90303D500212046FFF746FEAA0303D505
:1081700001212046FFF740FE6B0303D50221204674
:10818000FFF73AFE2F0303D503212046FFF734FE05
:10819000E80203D504212046FFF72EFEA90203D5ED
:1081A00005212046FFF728FE6A0203D50621204656
:1081B000FFF722FE2B0203D507212046FFF71CFE06
:1081C000EF0103D508212046FFF716FE700340F1AA
:1081D000A780E90703D500212046FFF79FFEAA07E5
:1081E00003D501212046FFF799FE6B0703D5022135
:1081F0002046FFF793FE2F0703D503212046FFF704
:108200008DFEEE0603D504212046FFF787FEA80663
:1082100003D505212046FFF781FE690603D5062117
:108220002046FFF77BFE2A0603D507212046FFF7ED
:1082300075FEEB0574D520460821BDE8F84FFFF721
:108240006DBED4F890904FF0000B4FF0010AD4F8B7
:1082500094305FFA8BF79B689F423FF638AF09EB8B
:108260004713D3F8002902F44022B2F5802F20D121
:10827000D3F80029002A1CDAD3F8002942F09042F2
:10828000C3F80029D3F80029002AFBDB3946D4F8CB
:108290009000FFF78DFB22890AFA07F322EA030315
:1082A000238104EB8703DB689B6813B139462046C2
:1082B00098470BF1010BCAE7910701D1D0F8008074
:1082C000072A02F101029CBF03F8018B4FEA18282C
:1082D0003FE704EB830300F58050DA68D2F818C05A
:1082E000DCF80820DCE9001CA1EB0C0C00218F421B
:1082F00008D1DB689B699A683A449A605A683A44A4
:108300005A6029E711F0030F01D1D0F800808C45A5
:1083100001F1010184BF02F8018B4FEA1828E6E75A
:10832000BDE8F88F08B50348FFF774FEBDE80840C4
:10833000FFF74EBA3C65002008B50348FFF76AFE18
:10834000BDE80840FFF744BAD8650020D0F8903067
:1083500003EB4111D1F8003B43F40013C1F8003B9B
:1083600070470000D0F8903003EB4111D1F800398C
:1083700043F40013C1F8003970470000D0F8903082
:1083800003EB4111D1F8003B23F40013C1F8003B8B
:1083900070470000D0F8903003EB4111D1F800395C
:1083A00023F40013C1F8003970470000044BDA6B66
:1083B0000243DA635A6E104358665B6E704700BF23
:1083C0000045025808B53C4B4FF0FF31D3F88020F0
:1083D00062F00042C3F88020D3F8802002F000420F
:1083E000C3F88020D3F88020D3F88420C3F8841009
:1083F000D3F884200022C3F88420D3F88400D86FF7
:1084000040F0FF4040F4FF0040F4DF4040F07F00C8
:10841000D867D86F20F0FF4020F4FF0020F4DF4041
:1084200020F07F00D867D86FD3F888006FEA4050FB
:108430006FEA5050C3F88800D3F88800C0F30A00F0
:10844000C3F88800D3F88800D3F89000C3F89010E0
:10845000D3F89000C3F89020D3F89000D3F894009C
:10846000C3F89410D3F89400C3F89420D3F8940080
:10847000D3F89800C3F89810D3F89800C3F8982060
:10848000D3F89800D3F88C00C3F88C10D3F88C0084
:10849000C3F88C20D3F88C00D3F89C00C3F89C1050
:1084A000D3F89C10C3F89C20D3F89C30FCF730FA2A
:1084B000BDE8084000F0D2B90044025808B50122D6
:1084C000504BC3F80821504B5A6D42F002025A65D6
:1084D000DA6F42F00202DA670422DB6F4B4BDA609C
:1084E0005A689104FCD54A4A1A6001229A60494AA6
:1084F000DA6000221A614FF440429A61434B9A6954
:108500009204FCD51A6842F480721A60424B1A6FCA
:1085100012F4407F04D04FF480321A6700221A67A9
:108520001A6842F001021A603B4B1A685007FCD5EA
:1085300000221A611A6912F03802FBD10121196078
:108540004FF0804159605A67344ADA62344A1A61FE
:108550001A6842F480321A602F4B1A689103FCD5D6
:108560001A6842F480521A601A689204FCD52D4AA7
:108570002D499A6200225A63196301F57C01DA637E
:1085800001F5E77199635A64284A1A64284ADA6245
:108590001A6842F0A8521A601F4B1A6802F028525B
:1085A000B2F1285FF9D148229A614FF48862DA610A
:1085B00040221A621F4ADA641F4A1A651F4A5A6526
:1085C0001F4A9A6532231F4A1360136803F00F0392
:1085D000022BFAD1104A136943F0030313611369A4
:1085E00003F03803182BFAD14FF00050FFF7DEFEEE
:1085F0004FF08040FFF7DAFE4FF00040BDE8084042
:10860000FFF7D4BE008000510045025800480258D0
:1086100000C000F004000001004402580000FF0107
:10862000008890083220600063020901470E0508A7
:10863000DD0BBF0120000020000001100910E00048
:1086400000010110002000524FF0B04208B5D2F8EE
:10865000883003F00103C2F8883023B1044A13685C
:108660000BB150689847BDE80840FFF7B1B800BFAC
:10867000B46600204FF0B04208B5D2F8883003F05D
:108680000203C2F8883023B1044A93680BB1D06862
:108690009847BDE80840FFF79BB800BFB4660020CC
:1086A0004FF0B04208B5D2F8883003F00403C2F8A6
:1086B000883023B1044A13690BB150699847BDE86B
:1086C0000840FFF785B800BFB46600204FF0B04205
:1086D00008B5D2F8883003F00803C2F8883023B117
:1086E000044A93690BB1D0699847BDE80840FFF789
:1086F0006FB800BFB46600204FF0B04208B5D2F8A2
:10870000883003F01003C2F8883023B1044A136A9A
:108710000BB1506A9847BDE80840FFF759B800BF51
:10872000B46600204FF0B04310B5D3F8884004F48D
:108730007872C3F88820A30604D5124A936A0BB155
:10874000D06A9847600604D50E4A136B0BB1506B84
:108750009847210604D50B4A936B0BB1D06B984711
:10876000E20504D5074A136C0BB1506C9847A3057A
:1087700004D5044A936C0BB1D06C9847BDE8104007
:10878000FFF726B8B46600204FF0B04310B5D3F819
:10879000884004F47C42C3F88820620504D5164A58
:1087A000136D0BB1506D9847230504D5124A936D94
:1087B0000BB1D06D9847E00404D50F4A136E0BB18E
:1087C000506E9847A10404D50B4A936E0BB1D06E3E
:1087D0009847620404D5084A136F0BB1506F98474D
:1087E000230404D5044A936F0BB1D06F9847BDE8BA
:1087F0001040FEF7EDBF00BFB466002008B5034887
:10880000FCF732FCBDE80840FEF7E2BFC8360020A6
:1088100008B50348FCF728FDBDE80840FEF7D8BFBF
:108820002039002008B50348FCF71EFDBDE80840CC
:10883000FEF7CEBF8C39002008B50348FCF714FDC5
:10884000BDE80840FEF7C4BFF839002008B500F0C5
:10885000B7FCBDE80840FEF7BBBF0000062108B525
:108860000846FCF787FD06210720FCF783FD06215B
:108870000820FCF77FFD06210920FCF77BFD06217F
:108880000A20FCF777FD06211720FCF773FD06216F
:108890002820FCF76FFD09217A20FCF76BFD0921E8
:1088A0003120FCF767FD07213220FCF763FD0C2126
:1088B0002620FCF75FFD0C212720FCF75BFD0C2137
:1088C0005220BDE80840FCF755BD000008B5FFF791
:1088D00079FD00F043FCFDF72DF9FDF7CBF8FDF72E
:1088E00003FBFDF7D5F9FEF793F9BDE8084000F06A
:1088F00029BA000030B50433039C0172002104FB47
:108900000325C160C0E90653049B0363059BC0E9CE
:108910000000C0E90422C0E90842C0E90A1143632B
:1089200030BD00000022416AC260C0E90411C0E904
:108930000A226FF00101FDF7E5BE0000D0E9043224
:10894000934201D1C2680AB9181D704700207047D0
:10895000036919600021C2680132C260C269134410
:1089600082699342036124BF436A0361FDF7BEBE7F
:1089700038B504460D46E3683BB162690020131D1B
:108980001268A3621344E36207E0237A33B92946ED
:108990002046FDF79BFE0028EDDA38BD6FF00100A0
:1089A000FBE70000C368C269013BC360436913442D
:1089B00082699342436124BF436A43610023836217
:1089C000036B03B11847704770B53023044683F337
:1089D0001188866A3EB9FFF7CBFF054618B186F3CA
:1089E0001188284670BDA36AE26A13F8015B9342BE
:1089F000A36202D32046FFF7D5FF002383F311883B
:108A0000EFE700002DE9F84F04460E46174698465A
:108A10004FF0300989F311880025AA46D4F828B010
:108A2000BBF1000F09D141462046FFF7A1FF20B15D
:108A30008BF311882846BDE8F88FD4E90A12A7EB1A
:108A4000050B521A934528BF9346BBF1400F1BD923
:108A5000334601F1400251F8040B914243F8040BF4
:108A6000F9D1A36A403640354033A362D4E90A23E2
:108A70009A4202D32046FFF795FF8AF31188BD4240
:108A8000D8D289F31188C9E730465A46F9F722F956
:108A9000A36A5E445D445B44A362E7E710B5029CB1
:108AA0000433017203FB0421C460C0E906130023F0
:108AB000C0E90A33039B0363049BC0E90000C0E9DB
:108AC0000422C0E90842436310BD0000026A6FF04F
:108AD0000101C260426AC0E904220022C0E90A2200
:108AE000FDF710BED0E904239A4201D1C26822B931
:108AF000184650F8043B0B60704700231846FAE70D
:108B0000C3680021C2690133C360436913448269A9
:108B10009342436124BF436A4361FDF7E7BD000010
:108B200038B504460D46E3683BB1236900201A1DA1
:108B3000A262E2691344E36207E0237A33B929466B
:108B40002046FDF7C3FD0028EDDA38BD6FF00100C7
:108B5000FBE7000003691960C268013AC260C2699C
:108B6000134482699342036124BF436A0361002373
:108B70008362036B03B118477047000070B5302360
:108B80000D460446114683F31188866A2EB9FFF715
:108B9000C7FF10B186F3118870BDA36A1D70A36A68
:108BA000E26A01339342A36204D3E16920460439A7
:108BB000FFF7D0FF002080F31188EDE72DE9F84F93
:108BC00004460D46904699464FF0300A8AF31188C4
:108BD0000026B346A76A4FB949462046FFF7A0FFD3
:108BE00020B187F311883046BDE8F88FD4E90A0731
:108BF0003A1AA8EB0607974228BF1746402F1BD901
:108C000005F1400355F8042B9D4240F8042BF9D19F
:108C1000A36A40364033A362D4E90A239A4204D3BC
:108C2000E16920460439FFF795FF8BF3118846452B
:108C3000D9D28AF31188CDE729463A46F9F74AF89E
:108C4000A36A3D443E443B44A362E5E7D0E90423E4
:108C50009A4217D1C3689BB1836A8BB1043B9B1ABC
:108C60000ED01360C368013BC360C3691A448369B3
:108C70009A42026124BF436A036100238362012395
:108C8000184670470023FBE701F01F03F0B502F020
:108C90001F0456095A1C0123B6EB511F50F82650E9
:108CA00003FA02F34FEA511703F1FF333DBF50F8C7
:108CB0002720C4F12000134003EA05003BBF03FA5C
:108CC00000F225FA04F0E0401043F0BD70B57E22BA
:108CD0007F210546FFF7D8FF18B1012819D00020E1
:108CE00070BD3E2249212846FFF7CEFF2F220446C1
:108CF00031212846FFF7C8FF0646013450220236CC
:108D000053212846B440FFF7BFFF093804FA00F0AA
:108D1000E6E7302245212846FFF7B6FF0130800202
:108D2000DEE7000090F8D63090F8D7201B0403EB64
:108D3000026390F8D42090F8D500134403EB002090
:108D40007047000000F018BA014B586A704700BF26
:108D5000000C0040034B002258631A610222DA60C3
:108D6000704700BF000C0040014B0022DA607047E2
:108D7000000C0040014B5863704700BF000C0040DE
:108D8000024B034A1A60034A5A6070478C660020FF
:108D90003867002000000220074B494210B55C688C
:108DA000201A08401968821A8A4203D3A24201D8C5
:108DB0005A6010BD0020FCE78C66002008B5302307
:108DC00083F31188FFF7E8FF002383F3118808BDC0
:108DD0000448054B03600023C0E901330C3000F068
:108DE00017B900BF94660020BD8D0008CB1D083A5E
:108DF00023F00703591A521A10B4D2080024C0E90C
:108E0000004384600C301C605A605DF8044B00F035
:108E1000FFB800002DE9F74F364FCD1D88460028DA
:108E200018BF0746082A4FEAD50538BF082207F1C0
:108E30000C003C1D9146019000F02CF9019809F1BD
:108E40000701C9F1000E2246246864B900F02CF92C
:108E50003B68CBB308224946E8009847044698B3DC
:108E600040E9027830E004EB010CD4F804A00CEAED
:108E70000E0C0AF10106ACF1080304EBC6069E4293
:108E8000E1D9A6EB0C0CB5EBEC0F4FEAEC0BDAD802
:108E90009C421DD204F10802AB45A3EB02024FEA4B
:108EA000E202626009D9691CED4303EBC1025D4433
:108EB0005560256843F8315022601C46C3F8048091
:108EC00044F8087B00F0F0F8204603B0BDE8F08FCE
:108ED000AA45216802D111602346EEE7013504EB73
:108EE000C50344F8351003F10801761AF6105E60E8
:108EF0001360F1E79466002073B50446A0F10805FD
:108F000050F8080C54F8043C061D0C30073301904F
:108F1000DB0844F8043C00F0BDF8334601989E425B
:108F20001A6801D0AB4228D20AB1954225D244F842
:108F3000082C54F8042C1D60013254F8081C05EB71
:108F4000C206B14206D14E68324444F8042C0A6885
:108F500044F8082C5E68711C03EBC1018D4207D1F7
:108F600054F8042C013232445A6054F8082C1A6028
:108F700002B0BDE8704000F097B81346CFE700009C
:108F8000FEE7000070B51E4B0025044686B0586011
:108F90000E4605638163FEF7F3FB04F12803A56029
:108FA0006563C4E90A3304F11003C4E904334FF0E4
:108FB000FF33C4E90044C4E90635FFF7C5FE2B467C
:108FC000024604F13C012046C4E9082380230D4AEF
:108FD0006567FDF7F5FA7368E0600B4A03620123E9
:108FE000009280F824306846F26801923269CDE937
:108FF0000223064BCDE90435FDF716FB06B070BD24
:1090000010490020B09C0008A89C0008818F00082F
:109010000023C0E9000083600361704770B51C4BFA
:1090200005468468DE685CB3B44213D1036901333A
:10903000036170BDA36094F8243083B1062B15D171
:10904000A06A2146D4E9003213605A60FDF724FA81
:10905000A36A9C68B368A2689A42EBD306E0D4E99D
:109060000032204613605A60FDF726FA2846314642
:10907000FDF712FAB5620620BDE87040FDF71EBA92
:109080000369866001330361336BC3603063D0E7EB
:109090006846002008B5302383F31188FFF7BEFF30
:1090A000002383F3118808BD194BD96883688B426C
:1090B00010B520D1302383F311880269013A02618F
:1090C000B2B90468C368A0420B631ED04A6B9BB957
:1090D00001238A60036103681A68026050601A6B9A
:1090E0008360C26018631846FDF7E6F9FDF736FAAB
:1090F000002383F3118810BD1C68A34203D0A46829
:10910000A24238BF2246DB68E1E78260F0E700BF99
:1091100068460020024A536B18435063704700BFF3
:109120006846002038B5EFF311859DB9EFF305844B
:10913000C4F30804302334B183F31188FDF71AFC1B
:1091400085F3118838BD83F31188FDF713FC84F390
:10915000118838BDBDE83840FDF70CBC0023054A36
:1091600019460133102BC2E9001102F10802F8D1AF
:10917000704700BFB46600200E4B9A6C42F00802A4
:109180009A641A6F42F008021A670B4A1B6FD36B7E
:1091900043F00803D363C722084B9A624FF0FF32B3
:1091A000DA6200229A615A63DA605A6001225A61D7
:1091B0001A607047004502580010005C000C004027
:1091C000094A08B51169D3680B40D9B29B076FEA09
:1091D0000101116107D5302383F31188FDF7E4F90C
:1091E000002383F3118808BD000C004010B501393D
:1091F0000244904201D1002005E0037811F8014FAC
:10920000A34201D0181B10BD0130F2E7884210B50F
:1092100001EB020402D98442234607D8431EA1422F
:1092200008D011F8012B03F8012FF8E7024401469A
:109230008A4200D110BD13F8014D02F8014DF7E745
:10924000C9B2034610F8012B1AB18A42F9D1184667
:109250007047002918BF0023F9E70000034611F802
:10926000012B03F8012B002AF9D1704710B5013901
:10927000034632B111F8014F03F8014B013A002CBB
:10928000F7D11A440021934200D110BD03F8011B0D
:10929000F9E700004D4435002D2D0A002F6172645E
:1092A0007570696C6F742E6162696E002F617264F3
:1092B0007570696C6F742D7665726966792E61625E
:1092C000696E002F6172647570696C6F742D666CC5
:1092D0006173682E6162696E002F617264757069D6
:1092E0006C6F742D666C61736865642E6162696E63
:1092F000000000000000000000000000ED0E00086B
:10930000890F000839110008C10F0008810F0008FB
:109310000000000000000000E90E0008950F0008A2
:1093200071110008E50E0008F10E000853544D338A
:109330003248373F3F3F0053544D3332483733783C
:109340002F3732780053544D3332483734332F3768
:1093500035332F373530000001105A000310590003
:1093600001205800032056002F000000537563634E
:1093700065737366756C6C79206D6F756E7465645A
:10938000205344436172642028736C6F77646F7755
:109390006E3D2575290A0000EB76904558464154EC
:1093A00020202000464154333220202000000000BD
:1093B0002A3A3C3E7C223F7F002B2C3B3D5B5D00EC
:1093C000435545414141414345454549494941414D
:1093D0004592924F4F4F5555594F554F9C4F9E9F19
:1093E00041494F55A5A5A6A7A8A9AAABACADAEAF5C
:1093F000B0B1B2B3B4414141B8B9BABBBCBDBEBF54
:10940000C0C1C2C3C4C54141C8C9CACBCCCDCECFEF
:10941000D1D145454549494949D9DADBDCDD49DF48
:109420004FE14F4F4F4FE6E8E85555555959EEEF8C
:10943000F0F1F2F3F4F5F6F7F8F9FAFBFCFDFEFFB4
:1094400001030507090E10121416181C1E00000057
:1094500061001A03E0001703F8000703FF00010092
:1094600078010001300132010601390110014A0181
:109470002E017901060180014D0043028101820124
:1094800082018401840186018701870189018A01A3
:109490008B018B018D018E018F0190019101910152
:1094A00093019401F60196019701980198013D02FC
:1094B0009B019C019D0120029F01A001A001A2012E
:1094C000A201A401A401A601A701A701A901AA0163
:1094D000AB01AC01AC01AE01AF01AF01B101B20112
:1094E000B301B301B501B501B701B801B801BA01C3
:1094F000BB01BC01BC01BE01F701C001C101C20139
:10950000C301C401C501C401C701C801C701CA0123
:10951000CB01CA01CD011001DD0101008E01DE0188
:109520001201F3010300F101F401F401F801280133
:10953000220212013A020900652C3B023B023D0265
:10954000662C3F0240024102410246020A015302D8
:10955000400081018601550289018A0158028F016C
:109560005A0290015C025D025E025F029301610299
:109570006202940164026502660267029701960125
:109580006A02622C6C026D026E029C017002710212
:109590009D01730274029F017602770278027902BC
:1095A0007A027B027C02642C7E027F02A601810289
:1095B0008202A9018402850286028702AE0144026A
:1095C000B101B20145028D028E028F02900291021A
:1095D000B7017B030300FD03FE03FF03AC0304009C
:1095E0008603880389038A03B1031103C2030200BF
:1095F000A303A303C4030803CC0303008C038E035B
:109600008F03D8031801F2030A00F903F303F403EC
:10961000F503F603F703F703F903FA03FA0330043B
:10962000200350041007600422018A043601C1049B
:109630000E01CF040100C004D004440161052604DA
:10964000000000007D1D0100632C001E9601A01E7D
:109650005A01001F0806101F0606201F0806301FAB
:109660000806401F0606511F0700591F521F5B1FA7
:10967000541F5D1F561F5F1F601F0806701F0E00DE
:10968000BA1FBB1FC81FC91FCA1FCB1FDA1FDB1F92
:10969000F81FF91FEA1FEB1FFA1FFB1F801F0806A8
:1096A000901F0806A01F0806B01F0400B81FB91FAE
:1096B000B21FBC1FCC1F0100C31FD01F0206E01F3A
:1096C0000206E51F0100EC1FF31F0100FC1F4E21E5
:1096D0000100322170211002842101008321D02455
:1096E0001A05302C2F04602C0201672C0601752C02
:1096F0000201802C6401002D260841FF1A0300009E
:10970000C700FC00E900E200E400E000E500E7003B
:10971000EA00EB00E800EF00EE00EC00C400C5003A
:10972000C900E600C600F400F600F200FB00F900F4
:10973000FF00D600DC00F800A300D800D70092019B
:10974000E100ED00F300FA00F100D100AA00BA0038
:10975000BF00AE00AC00BD00BC00A100AB00BB0070
:1097600091259225932502252425C100C200C00021
:10977000A9006325512557255D25A200A5001025C8
:10978000142534252C251C2500253C25E300C30089
:109790005A25542569256625602550256C25A40089
:1097A000F000D000CA00CB00C8003101CD00CE00CF
:1097B000CF0018250C2588258425A600CC008025FF
:1097C000D300DF00D400D200F500D500B500FE00C4
:1097D000DE00DA00DB00D900FD00DD00AF00B400E0
:1097E000AD00B1001720BE00B600A700F700B8001A
:1097F000B000A800B700B900B300B200A025A000D7
:1098000010000240080002400008024000000B0067
:1098100028000240080002400408024006010C0033
:1098200040000240080002400808024010020D00FB
:1098300058000240080002400C08024016030E00C7
:10984000700002400C0002401008024000040F00AB
:10985000880002400C000240140802400605100077
:10986000A00002400C00024018080240100611003F
:10987000B80002400C0002401C08024016072F00EE
:10988000100402400804024020080240000838008A
:109890002804024008040240240802400609390056
:1098A000400402400804024028080240100A3A001E
:1098B00058040240080402402C080240160B3B00EA
:1098C000700402400C04024030080240000C3C00CE
:1098D000880402400C04024034080240060D440093
:1098E000A00402400C04024038080240100E45005B
:1098F000B80402400C0402403C080240160F460027
:1099000001000000000000000096000000000000C0
:109910000000000000000000000000000000000047
:1099200000000000096C00080D6C000809570008D1
:10993000415A00089D560008C5560008ED5600081B
:109940008556000800000000F55A0008E15A00089A
:109950001D5B0008095B0008155B0008015B00083F
:10996000ED5A0008D95A0008295B000800000000E1
:109970000D5C0008F95B0008355C0008215C0008FC
:109980002D5C0008195C0008055C0008F15B00080C
:10999000415C000800000000010000000000000021
:1099A00063300000A09900080000000000000000E3
:1099B000E0460020104900200000812A000000003D
:1099C000AAAAAAAA00000024FFFE000000000000CE
:1099D00000A00A000001000000000000AAAAAAAA34
:1099E00000000000FFFF0000000000000000000079
:1099F0001400AA5600000000AAAAAAAA14005554EE
:109A0000FFFF000000000000CCCC0C0020681A0012
:109A100000000000AAAA8AAA10541500FFFF000047
:109A2000000C700777000000408102010010000068
:109A3000AAAAAAAA00410100F7FF000000000070D6
:109A4000070000000000000000000000AAAAAAAA67
:109A500000000000FFFF0000000000000000000008
:109A60000000000000000000AAAAAAAA000000004E
:109A7000FFFF0000000000000000000000000000E8
:109A800000000000AAAAAAAA00000000FFFF000030
:109A900000000000000000000000000000000000C6
:109AA000AAAAAAAA00000000FFFF00000000000010
:109AB000000000000000000000000000AAAAAAAAFE
:109AC00000000000FFFF0000000000000000000098
:109AD0000000000000000000AAAAAAAA00000000DE
:109AE000FFFF0000000000000000000043756265F9
:109AF00050696C6F7400437562654F72616E676583
:109B00002B2D424C002553455249414C2500000065
:109B100002000000000000002D5E00089D5E0008AD
:109B200040004000C0610020D06100200200000021
:109B3000000000000300000000000000E55E0008D7
:109B40000000000010000000E061002000000000A4
:109B500001000000000000003C650020010102003F
:109B6000056D0008156C0008B16C0008956C0008C4
:109B700043000000789B000809024300020100C076
:109B80003209040000010202010005240010010551
:109B900024010001042402020524060001070582B5
:109BA000030800FF09040100020A00000007050184
:109BB0000240000007058102400000001200000082
:109BC000C49B00081201100102000040AE2D581085
:109BD00000020102030100000403090425424F4171
:109BE00052442500466C7962795F437562654F7215
:109BF000616E6765506C75730030313233343536C1
:109C000037383941424344454600000000000020F7
:109C1000000002000200000000000030000004000C
:109C200008000000000000240000080004000000FC
:109C30000004000000FC00000200000000000430EE
:109C40000080000008000000000000380000010053
:109C5000010000001F1C1F1E1F1E1F1F1E1F1E1F96
:109C60001F1D1F1E1F1E1F1F1E1F1E1F0000000086
:109C700041600008F9620008A56300084000400048
:109C800074660020746600200100000084660020D5
:109C900080000000400100000800000000010000FA
:109CA000001000000800000069646C6500000000FE
:109CB0006D61696E002C0438040438080C10141C03
:109CC0002024252600000000000064040100040098
:109CD00000000000000C0010283034008C67FF7F6B
:109CE0000100000000000000270400000000000048
:109CF00000001E0000000000FF00000018490020C6
:109D0000203900208C390020F839002000000000A4
:109D10002C930008830400003793000850040000CF
:109D200045930008010000000000000000960000BC
:109D30000000080096000000000800000400000079
:109D4000D89B000800000000000000000000000098
:0C9D500000000000000000000000000007
:00000001FF
